entity_id,average_login_hour,login_hour_std,average_daily_logins,average_session_duration,preferred_auth_method,preferred_geo_location,preferred_device,preferred_resource
0000af56-3d53-49f4-973b-6eeb00dbca7d,9.681818181818182,2.32153192730802,3.0,14731.484848484848,MFA,"New William, Dominican Republic",macOS 13 - Chrome,Database
001ffea4-39f8-4802-9864-7fd47b1fdad0,12.123287671232877,3.0864633008935254,3.3181818181818183,13469.547945205479,Password,"Clementsmouth, Sudan",Windows 10 - Firefox,Intranet
00a87eaa-6ef6-406b-869a-777df1608bb1,11.057692307692308,2.412495750588244,2.736842105263158,14551.807692307691,Password,"Port Joel, Samoa",Windows 10 - Safari,Intranet
0101ffbb-e1dd-4ba3-872b-41ba9b8913f4,13.19718309859155,2.6328676289761064,3.0869565217391304,14296.281690140846,Biometric,"Seanview, Rwanda",Windows 10 - Edge,AWS Console
01ce1202-d30c-4370-b201-e6cd6e1a18b2,14.866666666666667,2.5492893920648516,3.103448275862069,14097.344444444445,MFA,"North Michaeltown, Congo",Windows 11 - Edge,Confluence
02d30b4b-f496-4028-89fc-7bb05befc91e,13.25,2.219298843401185,3.3846153846153846,15321.238636363636,MFA,"South Timothyfurt, Lebanon",macOS 13 - Chrome,GitLab
02ebd9d0-6223-4f36-9586-c9f9941673e1,11.95945945945946,2.776808008759704,2.96,14004.878378378378,Hardware Token,"New Heathershire, Guyana",macOS 13 - Safari,Database
036c4624-3e3b-4420-b89e-daffe9e27084,11.862068965517242,2.8332429188209254,3.48,15140.942528735632,Biometric,"Paulville, Oman",Windows 10 - Safari,Confluence
037d384c-1521-4f2e-9386-b26b133398cc,12.981481481481481,2.0694611525502826,2.347826086956522,13799.75925925926,MFA,"New Nicholas, Burkina Faso",Windows 10 - Chrome,Database
03f12768-e2ac-475d-beb1-037a16bf7398,10.034883720930232,2.6939918966584298,3.3076923076923075,15997.313953488372,Password,"Nicolefurt, Tuvalu",Ubuntu 22.04 - Chrome,Jira
04d807a3-b988-4e58-ad34-c0a1a2a6cd47,10.4,2.2693611435820435,3.25,14589.430769230768,MFA,"East Rebekahborough, Austria",Windows 11 - Edge,HRIS
04e8b5b6-6a87-4e9c-93d6-3926281e635f,11.346666666666666,2.8781250152840143,2.8846153846153846,14486.173333333334,Biometric,"Jordanchester, India",Windows 11 - Chrome,CRM
05521552-e282-4dbe-94b5-685fa329977a,13.347826086956522,2.6168351279659405,2.6538461538461537,11734.59420289855,Biometric,"Dannyton, Monaco",Windows 11 - Edge,Jira
05ca2333-d379-4be5-a4ef-5b5fae8c7e5e,13.564516129032258,2.5130542304752117,2.6956521739130435,15741.645161290322,SSO,"Port Tanyaburgh, Hungary",Ubuntu 22.04 - Chrome,Database
069bb79a-ffdd-4715-ba25-abafec034c71,13.385964912280702,2.37362280344468,2.4782608695652173,14144.526315789473,MFA,"Rogerschester, Thailand",App Server,AWS Console
06a1a892-46de-457e-b3fa-22c825bccd52,13.513157894736842,2.759195153434574,3.3043478260869565,16290.947368421053,Biometric,"West Felicia, Samoa",macOS 13 - Chrome,CRM
0724bbf0-ea92-41cb-a5e4-a210f99f6f46,14.370967741935484,2.2045695536714525,2.9523809523809526,14146.951612903225,MFA,"East Karen, Vietnam",Ubuntu 22.04 - Firefox,AWS Console
078004ca-1093-483a-abe4-946adff0e28b,10.34920634920635,2.5559889211573985,4.344827586206897,10359.246031746032,Password,"West Emily, Austria",Windows 10 - Safari,Jira
0807daf0-be91-4c1a-a79c-9396bac73ebf,12.951219512195122,2.68926737016916,3.1538461538461537,13958.914634146342,MFA,"Nortonport, Austria",macOS 13 - Chrome,Email
08acb3ef-ea6a-4ec6-a958-911ac56e1276,12.704225352112676,2.6747195644573565,2.730769230769231,13682.802816901409,MFA,"South Ryanchester, Costa Rica",macOS 13 - Firefox,Confluence
08f69b40-6b20-439b-b670-2c11304c418f,13.55,1.9694703753349612,2.727272727272727,14959.783333333333,SSO,"North Samuelville, Peru",Windows 11 - Firefox,Jira
09321937-e0d6-4c1c-8a67-816c87036277,10.4,2.2360679774997894,3.0,14492.186666666666,Hardware Token,"Garciastad, French Guiana",macOS 13 - Safari,CRM
098478e4-de3b-43b7-81e2-2f6998ec09ce,15.54320987654321,2.8330609890895815,2.892857142857143,14233.938271604939,Hardware Token,"Smithport, Burkina Faso",Ubuntu 22.04 - Firefox,Database
098848b9-2385-40bf-a256-3414e2f8eb3e,16.241935483870968,2.8783276330158376,2.8181818181818183,13194.483870967742,MFA,"Stevenborough, Greenland",Windows 10 - Safari,Email
09bfcff2-5afb-4f1d-a847-d6510a7618c3,15.133333333333333,3.037305586407998,3.260869565217391,14215.213333333333,MFA,"Williamsland, Spain",macOS 13 - Firefox,CRM
0a60cd24-7c14-436a-b9a8-cae6f60cb393,14.290909090909091,2.3623021357293355,2.391304347826087,13917.418181818182,Password,"Lake Taylor, Papua New Guinea",Windows 10 - Edge,AWS Console
0ad6b4a6-dd0f-4eac-b036-7f2e6b7e0b4a,14.180327868852459,2.1095670702880516,2.9047619047619047,13740.983606557376,Biometric,"West Alexisshire, Thailand",macOS 13 - Edge,VPN
0b0c0dbb-3d93-407c-b8be-07a8ecabc4d1,11.011363636363637,2.3168265958945,3.3846153846153846,14294.545454545454,Hardware Token,"Julieport, Kyrgyz Republic",Windows 11 - Firefox,HRIS
0b5098d7-d381-4fd5-b54e-57fe7e1a0129,12.1,2.4886181585335763,2.857142857142857,16220.3,Biometric,"East Ashleyton, Sao Tome and Principe",Ubuntu 22.04 - Firefox,VPN
0b5f2273-58bd-4e9f-ac7f-c2760f7295c7,14.60759493670886,2.3827248004849038,3.4347826086956523,13443.531645569621,MFA,"Davidbury, Togo",macOS 13 - Safari,Database
0ba5f391-2bc4-4527-985d-14442c5740e6,10.27027027027027,2.3367070689227067,3.0833333333333335,13600.945945945947,Password,"South Nicolemouth, Guyana",Windows 11 - Edge,CRM
0bc7495e-9540-4f43-a599-6eeff2a7b526,12.954545454545455,2.5080290648654353,3.142857142857143,15846.833333333334,SSO,"Lake Katelyn, Turkey",Windows 10 - Edge,Confluence
0c8df462-26ff-498f-a7ee-c99442f415a1,11.458715596330276,2.780661092763744,4.541666666666667,12195.853211009175,Hardware Token,"Ericbury, Mayotte",macOS 13 - Edge,VPN
0d7195f2-747e-4865-9da5-301657d2598c,13.776315789473685,2.474395194577326,2.814814814814815,16156.855263157895,Biometric,"Kennethmouth, Guernsey",Ubuntu 22.04 - Firefox,Jira
0d9a5e9c-54fa-4ce4-a6a0-f0641c470bcc,9.413333333333334,2.2666401694264704,3.125,13683.44,Biometric,"Sandershaven, Bahrain",Network Router,Intranet
0ef48006-3194-4a7d-817d-40aa71b1e6f8,14.290322580645162,2.2869223916096155,3.4444444444444446,15739.236559139785,SSO,"West Annchester, Myanmar",macOS 13 - Chrome,Jira
0fac7a99-2967-4ded-a686-93e2d7463a0c,14.1375,2.7638889772349775,3.3333333333333335,14202.7625,Password,"Kimberlybury, Reunion",macOS 13 - Chrome,Confluence
105b5c2c-dcef-4fb5-a2d5-ba4542a62833,12.342105263157896,2.419656347935645,2.7142857142857144,12300.644736842105,Biometric,"Hayesborough, Azerbaijan",Windows 11 - Firefox,Database
10ac684d-66f5-45fb-8c60-57a6e0ee966a,11.397058823529411,2.3381310681847025,3.090909090909091,14543.25,Password,"South Nicholas, Falkland Islands (Malvinas)",Windows 11 - Chrome,VPN
10c0a46d-0cb3-4c11-b21b-bca4a48ab712,14.394736842105264,2.482358810316892,2.814814814814815,13890.197368421053,Hardware Token,"West Karenton, El Salvador",Windows 11 - Edge,VPN
10dbad13-e7eb-4f1a-b7c1-33bb446fa7d0,10.609375,3.170384722035211,2.6666666666666665,13240.859375,MFA,"Tabithafurt, Vietnam",App Server,Database
1121410e-a37b-45d8-8a9e-cd94c69d34ea,13.890625,2.4241980346314755,3.0476190476190474,14417.28125,Biometric,"East Katrina, Liechtenstein",Windows 10 - Edge,AWS Console
112a2444-562e-4906-a138-482bcce8f5eb,11.571428571428571,3.032293718425904,2.6666666666666665,13936.142857142857,Biometric,"Port Jenniferborough, Peru",Windows 11 - Edge,GitLab
113283e2-d40f-4d06-a697-e227d603a478,15.347826086956522,2.5885840267271814,2.5555555555555554,14187.782608695652,Hardware Token,"Audreyport, Antigua and Barbuda",Network Router,CRM
12431ca4-6714-4cc6-a2de-26ac96dfbdeb,13.745098039215685,3.315678737482882,2.3181818181818183,15734.235294117647,Password,"Port Carolberg, Montserrat",Network Router,Intranet
13f5b2f6-cdcf-455e-8707-985c1bd70ca5,15.06060606060606,3.0928144408452907,3.3,14415.89393939394,MFA,"Port John, Ukraine",Windows 10 - Chrome,GitLab
13f65981-7cc0-478e-92ce-626b68627f40,11.970149253731343,3.2096924673497234,3.0454545454545454,14796.179104477613,Password,"Smithberg, Suriname",Windows 11 - Edge,GitLab
1433fbcf-22a3-41df-a332-d557b5f6e3b7,14.337837837837839,2.234701579948741,3.217391304347826,12527.013513513513,Biometric,"Thompsonburgh, Ghana",Windows 11 - Safari,Jira
145224e0-92f8-4221-b571-d877a818c0bf,12.827586206896552,2.4974726599603447,3.2222222222222223,13985.436781609196,Password,"East Autumnmouth, Anguilla",Windows 11 - Firefox,GitLab
145dba70-c27f-4c75-8d65-fd2541248e9b,15.037037037037036,2.502221235444842,3.0,13179.901234567902,SSO,"New Barbaraside, United Kingdom",Windows 10 - Chrome,Email
14cc1ecb-43a3-4604-9378-0166a73031c4,14.233333333333333,2.7269320109035347,3.0,16570.683333333334,Password,"Newmanmouth, Sao Tome and Principe",Network Router,Database
1629b6db-800f-4c17-beee-287fddd4422f,12.714285714285714,2.560247141279654,3.3333333333333335,13414.3,MFA,"East Alexandra, Oman",Windows 11 - Edge,GitLab
16f7a348-c6e1-45ef-aa5d-b2b59530dda7,11.254237288135593,2.4253916878053485,2.4583333333333335,13982.254237288136,MFA,"Riverabury, Tokelau",Windows 10 - Chrome,AWS Console
16fa9dad-342c-402d-a958-1a6f580081f2,10.121951219512194,2.2792149607040706,3.4166666666666665,15401.524390243903,SSO,"South Shirleymouth, Cocos (Keeling) Islands",Windows 11 - Chrome,Email
17444254-6c05-465d-9661-6d0b8c38e42d,14.26865671641791,2.5854024336662245,3.1904761904761907,15462.149253731342,Password,"Port Megan, Greenland",Ubuntu 22.04 - Firefox,Jira
177e2cca-5cc5-490b-a54c-d4c12d4e05b7,14.807017543859649,3.002609558434297,2.375,14982.771929824561,MFA,"East Nicholasfort, Brunei Darussalam",macOS 13 - Safari,Jira
18a6ba32-0166-44dc-9cf9-725b8119d19d,11.223529411764705,2.718439987637497,3.0357142857142856,12473.423529411764,SSO,"Alvarezport, Burundi",Windows 10 - Firefox,Confluence
19263c50-1afc-432a-bb4e-dda893a4eae1,12.930555555555555,2.6501468940891546,3.130434782608696,14053.666666666666,Password,"Thomaston, Svalbard & Jan Mayen Islands",Network Router,HRIS
1a12059b-60c7-45d4-ad87-2de4655876f5,12.76923076923077,2.583278280272312,3.0,13870.307692307691,SSO,"Carlosstad, Thailand",Ubuntu 22.04 - Firefox,Email
1ac3991a-5c7e-4bb9-9bc2-c3a1656ee1d9,14.763157894736842,2.37693596072833,2.7142857142857144,14451.184210526315,Biometric,"South Cody, Sri Lanka",App Server,Intranet
1aea8e25-81f0-454e-88d5-0e2c0d7cae20,13.358024691358025,2.3415200296778833,3.0,15291.0,Password,"Judyland, Eritrea",macOS 13 - Chrome,CRM
1c2da290-ad8d-4b0b-ac4c-240ee41cdbb1,13.106666666666667,2.6740663100661193,3.0,13517.866666666667,Hardware Token,"Schroederland, New Caledonia",macOS 13 - Safari,Confluence
1c5359b0-ebc9-4621-8948-d0ba86e547ab,13.397260273972602,2.4423333903564277,3.3181818181818183,15896.602739726028,MFA,"Port Chelsea, Malawi",Ubuntu 22.04 - Firefox,Jira
1dc2ad68-ad57-44cb-9a77-bd2e6e3335ed,11.779220779220779,2.8220157811458515,3.2083333333333335,13858.64935064935,Biometric,"Gentrymouth, Reunion",Windows 11 - Chrome,Confluence
1df0190e-cc18-4d5c-9679-03ab9e266f01,15.27710843373494,3.0695723584415613,3.074074074074074,14041.903614457831,SSO,"Jermainemouth, Djibouti",Windows 11 - Edge,Database
1e1f3be0-2ed5-40a6-b7e1-598b7c19823f,9.948051948051948,2.7857537196851365,2.8518518518518516,13000.103896103896,SSO,"South Christytown, Niger",macOS 13 - Chrome,VPN
20d48a7a-a0ec-4129-bac6-d3aec8132d77,13.0,2.7680267034452384,2.769230769230769,15695.194444444445,Password,"West Mary, Svalbard & Jan Mayen Islands",Ubuntu 22.04 - Chrome,GitLab
21de094b-9eba-4d0c-9d2c-402250473e78,14.76388888888889,3.110604558582592,2.769230769230769,14955.513888888889,SSO,"Kelliburgh, Korea",Database Server,GitLab
21e5d310-09e0-4d2b-b86f-8eec5cd6946e,13.64406779661017,2.969748113459008,2.6818181818181817,16133.457627118643,SSO,"Port Gregorymouth, Venezuela",Windows 11 - Chrome,Intranet
2208be14-9700-4176-809d-e280b4c4d6e1,11.088235294117647,2.46610027587607,3.238095238095238,14637.70588235294,MFA,"Hensonberg, Jordan",Ubuntu 22.04 - Firefox,AWS Console
2240f078-c846-48c1-a74f-e94539ec6487,12.903614457831326,2.2664814130907813,3.608695652173913,14382.807228915663,Hardware Token,"Ryanport, Tonga",Windows 10 - Safari,Email
22942161-0b8f-45ee-b7e3-91f277afce8f,14.531645569620252,2.5461657600982672,2.925925925925926,14933.848101265823,Hardware Token,"Lake Elizabeth, Cook Islands",macOS 13 - Firefox,HRIS
22dc03ea-2746-4ab9-a4a6-06ad4c4a4adc,13.552631578947368,2.265066514650171,2.814814814814815,14508.052631578947,MFA,"West Jonathan, Syrian Arab Republic",Ubuntu 22.04 - Chrome,Jira
245d53ff-bae8-4a18-8c4f-e0af35b73fe6,8.857142857142858,3.4304888818146555,3.9565217391304346,11354.241758241758,SSO,"Port Danielleside, Cape Verde",Ubuntu 22.04 - Safari,Database
24a16d82-b239-437a-92ca-9a7d058e2119,10.4,2.779554987030464,2.5,16631.21818181818,Hardware Token,"Samuelmouth, Japan",Windows 10 - Chrome,HRIS
24c7e723-6038-46e7-9a57-3471f2a7b2ab,11.522388059701493,2.3700032537710936,2.7916666666666665,14314.791044776119,MFA,"East Carolyn, Chad",Windows 10 - Edge,GitLab
24eb2b10-47a1-4f10-992c-61f54a415f61,15.126984126984127,2.472376834024579,2.8636363636363638,15569.746031746032,Password,"Port Amberstad, Macao",Windows 11 - Edge,HRIS
252b2dec-a6a1-4b66-8ac6-433d1c6f4886,12.0,2.2705848487901874,2.3,14213.065217391304,Biometric,"West Angelica, Suriname",macOS 13 - Firefox,Email
264d03ac-6450-410d-8c90-cd27f60cfc06,15.455882352941176,2.4215070152197704,2.8333333333333335,13578.382352941177,MFA,"West Brian, Anguilla",Load Balancer,Email
27b7cc44-83e2-4cfe-8d17-c331c441ca7f,10.920454545454545,2.340162048171716,3.259259259259259,14760.693181818182,Hardware Token,"Alejandrochester, Belize",Ubuntu 22.04 - Firefox,Intranet
281a9401-b78e-47d7-bd98-9b85957d25cc,12.625,2.2712838128974897,2.6666666666666665,13705.359375,Hardware Token,"Lake Paul, Paraguay",Ubuntu 22.04 - Firefox,Database
2908a2da-a440-48cf-88a8-0f6df863f5e4,10.814285714285715,2.5326440164945625,3.5,13522.857142857143,SSO,"Smithport, Marshall Islands",Windows 11 - Edge,Jira
2944af51-359b-4bc1-9a62-68fff7882c1b,11.469135802469136,2.7526642537416657,3.5217391304347827,13371.962962962964,Hardware Token,"Shannonburgh, Macao",Network Router,Confluence
29aabcc6-22c9-47ea-9794-f039bdfb0392,9.710526315789474,2.911200391470544,3.04,14939.526315789473,SSO,"West Alicia, Honduras",Windows 10 - Edge,Confluence
29fb7bd5-9631-4ce8-aac7-43ac4ff3fb54,11.935897435897436,2.29250469041565,3.25,14873.76923076923,MFA,"Micheleton, Senegal",Windows 10 - Edge,VPN
2a5934f4-29d9-451b-9494-e27960a8cdf9,10.423728813559322,2.290937090532204,2.36,12227.593220338984,MFA,"Stacytown, Singapore",Ubuntu 22.04 - Firefox,HRIS
2b6b6335-fff6-4b79-8e2b-addd62df1915,11.097560975609756,2.5512512354933694,3.28,15339.646341463415,MFA,"New Michaelfurt, Iceland",macOS 13 - Edge,Confluence
2bd8944f-3114-4141-bf95-a9225fedf314,13.313953488372093,2.2817002324478106,3.3076923076923075,15947.023255813954,MFA,"Riveraborough, Mexico",Windows 10 - Firefox,Jira
2bd94d4c-5326-4e02-ab8f-63284a37b5b0,13.133333333333333,2.1939651651900522,3.75,16538.044444444444,SSO,"Pamelashire, Armenia",macOS 13 - Chrome,Email
2c721bf6-96eb-4cf6-bb1e-0db0aa4905c5,12.84,2.4497104075953717,3.125,12489.24,MFA,"Craighaven, Aruba",Load Balancer,Email
2cae34a5-0157-45aa-86ec-f2d115ae42d9,10.228070175438596,2.492972579211764,3.0,15982.087719298246,Password,"Taylormouth, Malaysia",App Server,CRM
2ce64956-3401-4782-9e96-185dbb8189c3,15.0625,2.69552833705621,2.909090909090909,12969.578125,Password,"South Joshuachester, Guam",IoT Sensor,Database
3059a190-4594-48e9-9e86-3c71329c98d5,14.623188405797102,3.162749405535718,2.875,15217.507246376812,Biometric,"Lake Kimberlyside, Hungary",Ubuntu 22.04 - Safari,Jira
30770577-6a5d-4c00-a9b1-bcc4ef243ffd,11.701754385964913,2.12102495675273,2.7142857142857144,12205.684210526315,Biometric,"East Scott, Djibouti",Ubuntu 22.04 - Safari,CRM
31173549-68d0-4ee0-a827-6a24759b79a2,12.128571428571428,2.277307261743403,3.0434782608695654,13703.328571428572,SSO,"Russellbury, Canada",Windows 11 - Safari,VPN
320a17f6-a80a-46e1-8cd7-4bd1bc46d825,13.271428571428572,2.848449507411584,3.1818181818181817,14153.57142857143,Biometric,"Richardshire, Antarctica (the territory South of 60 deg S)",Ubuntu 22.04 - Chrome,Database
329b7867-67e2-4b95-af63-0c4b79d13ccc,15.346153846153847,2.7199452013049634,3.0,14391.897435897436,MFA,"Lake Amy, Tuvalu",IoT Sensor,HRIS
32bcf6d7-37e7-4bf2-a268-17b817fc0740,12.138461538461538,2.7943968662582352,3.25,14988.83076923077,MFA,"Cantrellfort, Benin",Ubuntu 22.04 - Edge,VPN
332b4269-50c8-45d0-b1d9-d84c26fae026,14.309859154929578,2.621839862690618,2.84,14685.633802816901,Password,"Johnport, Tunisia",Windows 10 - Edge,AWS Console
3551e119-0df1-4790-8239-82fbfefd492b,13.8,2.711438499058612,3.3333333333333335,14307.25,MFA,"West Stevenland, Faroe Islands",Load Balancer,Email
355e0f23-ba14-400f-854a-392693142218,14.656716417910447,2.6259326701306915,2.9130434782608696,13401.731343283582,Password,"North Christine, Lebanon",Windows 11 - Firefox,Database
36761329-a6fc-49bf-b97b-11bddea3de15,13.215384615384615,2.3014418557470915,2.5,15063.061538461538,Hardware Token,"East Rachael, Slovakia (Slovak Republic)",Ubuntu 22.04 - Edge,VPN
36fb39a7-4fbb-4b05-a528-5727fb481c0c,10.58695652173913,2.305318362748015,2.3,13609.130434782608,Password,"East Cassandramouth, Norway",Windows 11 - Safari,CRM
37553c82-8860-41a2-96a9-277ae9208308,15.536585365853659,2.5733444729715687,3.4166666666666665,11301.475609756097,Hardware Token,"Tommyside, Somalia",macOS 13 - Firefox,Confluence
3867bb94-1c5f-4907-b1e4-7ca58a09ecf6,14.422535211267606,2.8267193090779075,3.227272727272727,14259.507042253521,Biometric,"New Edwardville, Afghanistan",Ubuntu 22.04 - Firefox,Jira
38c6199f-ba1e-4e13-84d0-7b499e7d158c,15.480519480519481,2.967412436567331,2.9615384615384617,15347.337662337663,Password,"Clarenceberg, Rwanda",macOS 13 - Firefox,Database
38cfe8a1-b8a7-4ff7-86d9-235fdb9017cc,14.1,2.920993562100147,3.1578947368421053,13280.983333333334,SSO,"Gibsonmouth, Cote d'Ivoire",Windows 11 - Chrome,Confluence
38d60f33-5153-464c-a022-4fce3ec0aa63,11.208333333333334,2.9260245587332068,3.0,14119.180555555555,Hardware Token,"North Henry, Anguilla",macOS 13 - Chrome,Database
39548c64-99c9-4820-9ea4-a0f879f7c1d4,12.121621621621621,2.138702094586601,2.642857142857143,13961.418918918918,Password,"Knightstad, Italy",Ubuntu 22.04 - Chrome,Email
39cfb5b2-5bba-44ce-95ca-d38c11c9466d,14.208333333333334,2.408538216019868,3.0,14887.333333333334,Password,"West Davidhaven, Comoros",Load Balancer,Confluence
3a399a3e-7457-4019-87c9-99309519a142,9.723076923076922,2.3352441809402675,2.8260869565217392,15721.36923076923,MFA,"New Alexaville, Kyrgyz Republic",macOS 13 - Firefox,Database
3a6b9a5d-b511-43f2-837f-193520b79c14,10.476190476190476,2.9884570560804233,2.625,14457.031746031746,Biometric,"Heidiview, Sierra Leone",Windows 10 - Edge,Intranet
3aad11a1-d31f-4778-a403-bdd3371d94a8,9.210526315789474,2.373833970457548,3.04,15117.302631578947,SSO,"North Kevin, Jordan",Load Balancer,Email
3aaf3c98-901a-4f96-b274-9f75678f0ff8,11.887323943661972,2.54417708152023,2.9583333333333335,15845.084507042253,SSO,"Port Colleen, Guadeloupe",Windows 11 - Firefox,HRIS
3ae40c10-caf7-4162-88b1-2164d1d7f387,11.973333333333333,2.8235177088611025,3.409090909090909,15558.16,Hardware Token,"West Heatherfurt, French Southern Territories",Load Balancer,Email
3bd4c24d-86c3-4bc8-b5e9-bd9a297b07e5,14.484848484848484,2.638428578018621,3.0,12874.318181818182,Password,"New Adam, Tokelau",Ubuntu 22.04 - Chrome,Database
3ca54ac0-746a-415b-9f03-7621c891ac72,11.774193548387096,3.101661928067479,2.5833333333333335,14678.09677419355,MFA,"Lucerochester, Switzerland",IoT Sensor,Intranet
3ce912c3-9b2b-4732-877b-2cc209ba230e,14.108695652173912,2.2988603088359514,3.5384615384615383,14172.79347826087,Biometric,"New Janet, Spain",Ubuntu 22.04 - Edge,CRM
3d151821-0a39-4f33-9ce8-ad1e6249e52b,10.182926829268293,2.582601085136904,3.28,14652.963414634147,Hardware Token,"Sanchezchester, Bulgaria",macOS 13 - Edge,Database
3d367bfa-647a-4189-9a18-e044c6e5907c,10.465753424657533,2.549957471218458,3.1739130434782608,13917.013698630137,Hardware Token,"Christopherville, Cayman Islands",Windows 11 - Chrome,CRM
3dce4bc0-77d9-4a1f-af39-81b8071bf493,14.8,2.3940855393281693,2.857142857142857,13396.425,SSO,"Shafferview, Ukraine",Windows 10 - Firefox,Jira
3dd9866e-e786-4dcb-a1e0-a79aba58ca58,15.12280701754386,2.9281282139094817,2.590909090909091,15390.561403508771,Password,"North Crystal, Costa Rica",Windows 10 - Edge,VPN
404204ba-6eec-47ef-8904-9b2cd018b0af,15.090909090909092,2.9012942659282968,2.5,14421.054545454546,Biometric,"Jacksonland, Papua New Guinea",Load Balancer,Jira
40666422-e20e-470a-ba41-a84839a0ffb5,14.326315789473684,2.983793477477522,3.2758620689655173,15102.978947368421,Password,"Port Brandonview, Sao Tome and Principe",macOS 13 - Safari,Intranet
4124a60b-2ca4-49c2-8be5-b29fd17eb3dd,10.592592592592593,2.2459840703897354,3.375,16370.962962962964,Biometric,"East Jennifer, Saudi Arabia",Ubuntu 22.04 - Safari,CRM
414b1d61-4f15-4090-b1fc-b30d408e4d9d,12.619718309859154,2.6260573227510187,3.0869565217391304,15012.915492957747,MFA,"Geraldstad, Tokelau",Windows 10 - Chrome,Confluence
425b0699-f76d-40ec-8c48-2c7037c656b6,13.056603773584905,2.783295600125469,2.789473684210526,14802.509433962265,MFA,"New Tracy, Senegal",Ubuntu 22.04 - Edge,AWS Console
428775c4-a85e-47a5-bfa1-e84d77465b5f,14.851851851851851,2.3775571029478506,3.1153846153846154,15337.753086419752,Hardware Token,"New Erin, Faroe Islands",Ubuntu 22.04 - Firefox,Database
4311b42e-25b6-4f56-8ab2-545e1aa8403a,13.306451612903226,2.558103227114013,2.5833333333333335,14843.40322580645,Hardware Token,"West Eric, Sweden",Ubuntu 22.04 - Firefox,Jira
436b2e13-9d82-4d4c-a86f-cd7710ebebc8,10.5,2.363674368803607,3.0434782608695654,14059.07142857143,Password,"Colleenland, French Southern Territories",Ubuntu 22.04 - Firefox,Confluence
437e76f3-d78d-44e4-bf4d-331b503d77e4,12.444444444444445,2.6795463610647716,2.769230769230769,14941.861111111111,SSO,"Murrayfort, Kuwait",Windows 10 - Safari,Email
44293230-c1ec-4b64-8d93-5927b0639e6a,11.5,2.1751651163950956,2.9565217391304346,15218.70588235294,Hardware Token,"Lake Stephanie, Falkland Islands (Malvinas)",macOS 13 - Firefox,CRM
444d0f7c-7a51-4998-9e04-bbdf8b8de673,13.25,2.2337129816094374,3.84,9136.770833333334,SSO,"East Beverly, Zimbabwe",Load Balancer,HRIS
45a6bee8-03c5-4bc9-a9b4-bfcdd5cd232f,13.355263157894736,2.4857135655228992,3.4545454545454546,13709.71052631579,MFA,"North Caitlinville, Italy",Ubuntu 22.04 - Chrome,HRIS
4866d7ae-35af-41a0-b7c4-259d8929acdf,13.333333333333334,2.530209632483784,3.0,14653.08695652174,SSO,"East Wandaville, Guernsey",Windows 10 - Firefox,Email
486ed4c5-24ba-4839-924d-d20a7e19c005,12.0,2.1056435927666004,3.111111111111111,14485.619047619048,SSO,"Kaiserton, Bolivia",Windows 11 - Edge,CRM
48757d39-d362-443e-bb01-087cfa8523bf,13.709090909090909,2.431831555392913,2.2,15663.418181818182,SSO,"South Ryanview, Swaziland",Windows 11 - Firefox,Jira
4882175e-b7f1-4b6a-9c51-9b17401bf710,11.058823529411764,3.1630657667625885,4.76,9739.64705882353,Password,"Pattersonfurt, Argentina",Windows 10 - Firefox,HRIS
488472b9-25e9-4253-a6da-7549677753ef,11.835616438356164,2.576677978792207,2.92,13457.219178082192,Biometric,"Mcmillanstad, Greenland",IoT Sensor,Confluence
49ef5281-d726-49dd-aeaf-01bdb1fe44df,14.378048780487806,2.9591467067651425,3.1538461538461537,14786.40243902439,MFA,"South Jasminmouth, Brazil",Windows 10 - Chrome,Email
4a127f57-29c1-4c00-b5ba-5a9dee67bdc2,12.831168831168831,2.4192354022805014,3.5,15352.363636363636,Password,"Toddstad, Heard Island and McDonald Islands",Ubuntu 22.04 - Edge,GitLab
4a2aacac-109c-437e-a271-421305563062,13.8875,2.520768167027411,3.3333333333333335,15551.7875,SSO,"South Caitlin, Sri Lanka",Load Balancer,Jira
4a43e453-4b3d-43c2-94b2-5f6e561b3fc9,11.544303797468354,2.7400049988464152,3.0384615384615383,14622.088607594937,MFA,"Jamesmouth, Bolivia",macOS 13 - Safari,CRM
4a520685-9ee7-458c-8f66-8318c2eca197,12.14516129032258,2.6104881409833487,2.8181818181818183,15707.161290322581,MFA,"West Stacy, Brazil",macOS 13 - Chrome,CRM
4a76e33d-5af2-4d32-9812-918becef3948,10.412698412698413,2.8490797644769934,2.739130434782609,14596.063492063493,Biometric,"North Brittanychester, United States of America",App Server,Intranet
4aee37b9-54dc-4d6f-a5e9-e7c6396fb139,12.098360655737705,2.4338235901066376,3.210526315789474,15012.081967213115,Biometric,"Markshire, Samoa",Ubuntu 22.04 - Safari,Email
4b409f50-6a00-4160-b973-3e3cf60fe999,11.288135593220339,2.2897887830436803,2.8095238095238093,14826.77966101695,MFA,"West Debbie, Sierra Leone",Windows 10 - Safari,Confluence
4b49df30-015c-419c-8dba-ce9f572cce50,10.428571428571429,2.3397979352670992,2.739130434782609,15114.333333333334,MFA,"South Susanchester, United States Minor Outlying Islands",Ubuntu 22.04 - Firefox,Email
4baa3078-8371-44ee-bae6-7a7f643d6f91,10.703125,2.8545685327097163,2.56,15888.71875,Hardware Token,"Arellanoville, Sri Lanka",Ubuntu 22.04 - Chrome,AWS Console
4bad5fb8-285c-4740-9dcd-62efc45c0084,15.074074074074074,2.7599005440916575,2.7,15029.425925925925,Hardware Token,"Davisborough, Vietnam",Ubuntu 22.04 - Edge,HRIS
4c25351f-8912-4d5c-a2b8-24de2cc2a8ef,12.652173913043478,2.1883789794148445,3.1363636363636362,14572.507246376812,SSO,"North Erinfurt, Swaziland",macOS 13 - Safari,Confluence
4cadf7ca-19d6-4c77-8218-acc7484ca234,16.055555555555557,2.3005748754242905,3.272727272727273,14659.722222222223,Hardware Token,"Lake Beth, Somalia",Network Router,VPN
4d542663-d400-4730-b881-3fa094bac4f3,13.289473684210526,2.9701438325382346,3.04,14179.947368421053,Password,"Port Andrea, Slovakia (Slovak Republic)",macOS 13 - Firefox,GitLab
4e2b61b6-9ef4-480c-94ea-0f0be417229d,11.714285714285714,2.592971712947803,2.625,14198.682539682539,Password,"Port Traceymouth, Antarctica (the territory South of 60 deg S)",Windows 11 - Firefox,Jira
4f709180-1a62-4d74-8017-38fc4e3622d0,14.64516129032258,2.9703274323761306,2.48,16333.661290322581,MFA,"Kyleburgh, Falkland Islands (Malvinas)",Ubuntu 22.04 - Chrome,AWS Console
4fa375fe-d1a2-4635-b63d-ccb77ba518b3,9.26923076923077,2.2887249153757505,3.12,14216.423076923076,SSO,"Philipshire, Mozambique",App Server,VPN
5033b816-e95f-4139-b54c-89d5c273c623,9.8,2.6149259717701074,2.8846153846153846,13122.88,Biometric,"Port Anthonyfurt, Croatia",Network Router,Confluence
50af7f58-7722-4f9f-a0bc-1786dc788b78,11.67123287671233,2.7439569690126335,2.8076923076923075,13907.986301369863,Hardware Token,"Port Kathleen, Croatia",macOS 13 - Firefox,Jira
510c766a-cd39-4b12-a784-a915b903cee2,12.653225806451612,1.9171640422397525,4.769230769230769,9306.193548387097,MFA,"Lake Brenda, Nauru",Network Router,GitLab
512edc8e-4b0a-455a-a58d-bb499387dab8,10.170731707317072,2.1070421491959785,3.037037037037037,15506.341463414634,Hardware Token,"South Tinaside, Saint Lucia",Windows 11 - Safari,CRM
51590ff6-56dc-4c69-b9dd-4b674cf580c8,13.421052631578947,2.32184785108952,2.7142857142857144,16100.421052631578,Biometric,"North Glenda, French Southern Territories",macOS 13 - Edge,Email
51c28ebd-1b19-49b8-8fff-24091b507240,13.878048780487806,2.4261448558955863,3.1538461538461537,15515.951219512195,Password,"Lake Makayla, Lesotho",Windows 10 - Edge,AWS Console
5228898e-16e4-4998-8cfb-224cdd5462de,13.423076923076923,2.4362149511248927,2.4761904761904763,14517.23076923077,Password,"Charlesview, Guyana",Ubuntu 22.04 - Safari,Confluence
52b102d9-068d-4bea-83b1-150faff270cd,10.741176470588234,2.7130765403367243,3.5416666666666665,14957.270588235295,Password,"Raymondbury, Sierra Leone",macOS 13 - Chrome,AWS Console
52b31928-79ec-4e71-aebe-0a121d410906,9.95,2.782664251932499,2.857142857142857,13644.216666666667,MFA,"East Heather, Peru",Load Balancer,Database
52f07e74-07ce-4b43-8137-0c4d53480f07,9.76,2.398422905250955,3.125,14202.306666666667,SSO,"New Michael, Timor-Leste",Windows 11 - Firefox,Email
52f7f48e-bace-4387-9985-27908dc49028,10.364864864864865,3.147403036139365,3.3636363636363638,14258.391891891892,Password,"East Robertborough, Mauritius",Ubuntu 22.04 - Safari,Jira
531a9899-087a-4734-ad24-dab886a3c5fc,14.595238095238095,2.190445009631152,3.36,15185.952380952382,Password,"North Gerald, Mauritania",Ubuntu 22.04 - Edge,CRM
5364e086-4b98-4b63-a092-9bfe43bb2dc7,14.8,2.431563283157566,2.6,15746.184615384615,Hardware Token,"Lake Loriview, United States Minor Outlying Islands",macOS 13 - Safari,Database
53e1e8a8-b5c6-4ad9-8846-40fad12c8b66,11.211267605633802,2.802628832047035,3.0869565217391304,14576.112676056338,SSO,"Paulton, Argentina",Windows 10 - Safari,GitLab
54950bae-5db9-426e-a6a8-d488c99749d3,14.819444444444445,2.4049619415974304,3.130434782608696,13191.625,SSO,"Tracyfurt, China",macOS 13 - Firefox,Database
559d9c76-43db-4cc8-99a0-c01ee8272734,14.371794871794872,2.156891548544143,3.391304347826087,15474.384615384615,Hardware Token,"Richardville, South Africa",Windows 10 - Safari,AWS Console
56ca5441-97a0-460b-b725-c31e93222c31,14.333333333333334,2.1246308443820534,3.230769230769231,14063.92857142857,Password,"Onealtown, Bahamas",Load Balancer,CRM
5704e871-cd0e-4d25-bef9-c9073153e68c,11.878787878787879,2.201504041926802,2.869565217391304,13887.621212121212,Biometric,"Port Jeffreyshire, Colombia",Windows 10 - Edge,Database
5739605c-f6db-4a60-b075-4ac0032be316,14.745454545454546,2.8233036979828734,2.5,14358.345454545455,MFA,"Jensenborough, Panama",Windows 10 - Chrome,Confluence
57f80a2b-64ec-4bdb-9bcc-23571e75be4a,13.185714285714285,2.492265468115521,2.8,14505.285714285714,Biometric,"Lake Daniellehaven, Guernsey",Windows 10 - Edge,Database
584c20fa-2f6c-44b0-9260-7674054c8fbe,11.366197183098592,2.63622802297806,2.9583333333333335,13747.408450704226,Password,"Baldwinland, Ethiopia",Ubuntu 22.04 - Firefox,Email
5895d877-447f-48e1-80d3-07310a72e6a9,14.380952380952381,2.372072534851976,2.739130434782609,15215.063492063493,Hardware Token,"Peterfort, Philippines",Windows 11 - Safari,GitLab
59f3e630-bb32-48f1-91f6-1c89150b05e3,15.420289855072463,2.5402975572665474,3.1363636363636362,15191.144927536232,SSO,"West Lindaview, Luxembourg",App Server,CRM
5af14b0e-2951-4296-9f5f-a3dbcca45752,14.0,3.0500869336840717,3.1904761904761907,14443.537313432837,SSO,"Annmouth, Western Sahara",Windows 10 - Safari,VPN
5b4378f7-bf35-467a-a675-ca4224e37a53,14.594202898550725,2.798733119801498,3.0,15458.130434782608,Hardware Token,"North Heathermouth, Philippines",Windows 11 - Chrome,GitLab
5b49be46-937b-462a-9970-0e634f48a680,14.485714285714286,2.3758620534228014,2.6923076923076925,13208.314285714287,Password,"North Amandaborough, North Macedonia",macOS 13 - Firefox,VPN
5b548998-4988-4aea-8364-9ef0729d7a51,12.774193548387096,2.3982189760334385,2.8181818181818183,15607.338709677419,SSO,"Jackbury, Gabon",Windows 10 - Chrome,Email
5b55c793-c7cb-4236-adbc-86dcfd9f4ad2,12.56,2.6316165004432928,3.125,13519.68,Password,"Alisontown, Taiwan",macOS 13 - Edge,Confluence
5b673046-1aa1-412a-bfd6-7b94ed873085,11.68918918918919,2.744487254932015,3.3636363636363638,14820.243243243243,SSO,"West Danielleberg, Korea",Ubuntu 22.04 - Edge,AWS Console
5bad0e08-00ba-460b-a3a7-81face53dac8,15.223880597014926,2.2751682956224797,2.7916666666666665,13736.23880597015,SSO,"Michellefort, Timor-Leste",Windows 11 - Chrome,Jira
5c226696-e794-4aab-9a6f-5e9c830155d6,14.25,3.0455580324159905,2.5,14172.916666666666,Biometric,"Christophershire, Israel",Network Router,AWS Console
5c4eb3b6-7f9d-4ec1-9bef-f8617f13d217,13.342857142857143,2.685903698003381,2.9166666666666665,14984.528571428571,Hardware Token,"Younghaven, Mexico",Ubuntu 22.04 - Edge,Confluence
5e0b6393-be0d-4702-a312-ad9597e355f4,10.890625,2.901106452854436,2.56,15717.859375,SSO,"Rodneyburgh, Ghana",Windows 10 - Chrome,HRIS
5e8becf6-f214-4545-a202-3333fb636fb7,11.893939393939394,2.818230693613324,3.0,15269.727272727272,SSO,"Jasonhaven, Iraq",macOS 13 - Firefox,Email
5ec8e5ac-09a7-46fd-988f-ce97226cfaba,11.927272727272728,2.658700221666007,2.5,15211.381818181819,MFA,"Danielport, Switzerland",Database Server,AWS Console
5f13ca8f-9c0e-4d5f-b549-68487fffb4cd,13.703389830508474,2.4644803964550177,4.214285714285714,11080.016949152543,Password,"Strongmouth, Turks and Caicos Islands",Windows 10 - Firefox,AWS Console
5f77aec2-3575-4c4f-8400-d7c5b67ca30a,12.692307692307692,2.852851765792735,2.3636363636363638,14886.596153846154,Biometric,"Walterview, Monaco",Ubuntu 22.04 - Firefox,Confluence
607f4d5d-983a-4ae8-a16a-f722afd0d44f,10.397260273972602,2.2031525772262825,2.92,15361.506849315068,Hardware Token,"Michaelchester, Liechtenstein",Windows 11 - Edge,Email
60e4fef1-b471-414f-b97e-29208c5acc9c,9.628571428571428,2.438646741454494,2.6923076923076925,14326.442857142858,Hardware Token,"Bartlettchester, Jersey",Load Balancer,Database
62fbad17-b236-4964-ab42-bea03bb859b4,14.852941176470589,2.319706015099359,2.8333333333333335,14177.323529411764,Password,"West Dale, Guinea",Windows 10 - Edge,Intranet
63c009d6-a1b2-458b-957e-50ddc13030b0,12.376623376623376,2.1584531561609306,3.347826086956522,15150.688311688311,Hardware Token,"West Richardland, Uruguay",Ubuntu 22.04 - Chrome,Email
6405a6c8-7d77-4023-87a0-ae514d010862,12.857142857142858,2.5168604383567668,3.08,14186.35064935065,Hardware Token,"Anthonyfort, Christmas Island",Windows 11 - Edge,Jira
64a97223-3f7f-41ff-9f52-84bbcc2b756e,14.691358024691358,3.02754841129189,3.375,15280.086419753086,Hardware Token,"North Kimberly, Pakistan",Windows 11 - Chrome,VPN
654ae1a7-8dfa-4495-b832-1478e3cdd88c,12.482758620689655,2.4153677988764444,3.107142857142857,14355.643678160919,Biometric,"New Matthew, Uganda",Windows 10 - Firefox,CRM
658f7291-52e5-49a5-9a92-9cb51f87a189,14.916666666666666,2.9589947140057755,2.857142857142857,12282.533333333333,Hardware Token,"Harrisshire, Fiji",App Server,HRIS
6649f379-cae6-4cb8-8b27-48d7917fb450,14.197368421052632,2.422228928581306,3.04,13390.394736842105,SSO,"South Michaelstad, Lao People's Democratic Republic",macOS 13 - Safari,Database
66b01a70-1289-4b3a-acd9-371888c5ca0a,12.72463768115942,2.6946791687837153,2.6538461538461537,15415.855072463768,MFA,"East Shane, Jamaica",Database Server,Jira
66f1e054-3c37-45fe-a0f0-3c7a801179cd,9.45138888888889,2.006387914410487,5.76,7521.965277777777,Password,"Port Williamview, Cyprus",Unknown Script/Bot,HRIS
6830bc94-9f53-4b62-847b-18fb90f34850,11.892857142857142,2.139799884477756,3.36,15909.27380952381,Biometric,"North Andrea, Tonga",Network Router,Database
68971b50-b1a2-4e5e-a670-72c289ff1af1,13.227848101265822,2.148042442691793,3.16,13906.443037974683,MFA,"South Aliciafort, Antigua and Barbuda",Ubuntu 22.04 - Firefox,Email
6975e23c-3786-4461-bd42-551ffae47b36,9.84,2.6663062819543426,3.260869565217391,15004.786666666667,SSO,"Lake Derrick, Denmark",Windows 11 - Edge,Email
6ab44e6f-69a4-4dab-a6c3-1a62047672c0,11.527272727272727,3.0175692047944658,3.0555555555555554,14157.472727272727,Biometric,"Oscarberg, New Zealand",Ubuntu 22.04 - Edge,Confluence
6bb4cf7d-afed-45c7-bc3b-7af47efbeee2,13.650602409638553,2.471465127526482,3.074074074074074,14642.12048192771,Password,"Port Richard, Mozambique",Network Router,VPN
6bd880a9-cc5a-4041-9fde-54ecf61fa58c,15.098591549295774,2.3308792306611608,2.730769230769231,15913.845070422536,Biometric,"East Elizabeth, Afghanistan",Windows 10 - Firefox,Confluence
6be7bbc1-e9e4-47c7-b2fb-de255d7af943,9.428571428571429,2.411154204167226,2.9166666666666665,15727.557142857142,Hardware Token,"Port Kari, Maldives",Ubuntu 22.04 - Safari,CRM
6c45c89d-290b-4911-9548-ffba26299811,13.857142857142858,3.11073813255364,3.347826086956522,13079.142857142857,Biometric,"South Daniel, San Marino",Database Server,CRM
6c761366-0bb3-4e4b-9c42-b4c4ab7518bd,10.987804878048781,2.5506905501148207,3.28,13700.487804878048,Password,"South Mistyport, Netherlands",Ubuntu 22.04 - Edge,VPN
6c892c46-63b4-40ee-ad1d-fd00fe2ca1fb,14.636363636363637,3.199213189983598,2.869565217391304,14319.19696969697,SSO,"New Julietown, Saudi Arabia",Windows 10 - Chrome,HRIS
6c93703a-f182-41fa-b4bc-39de227d8444,14.6,2.2839037230619454,3.0,15357.826666666666,SSO,"East Curtis, Peru",Ubuntu 22.04 - Chrome,Database
6cad6a25-b9e8-4285-ac91-60e5204c0071,9.813559322033898,2.5695469630964434,2.6818181818181817,13483.728813559323,SSO,"West Eric, South Africa",Ubuntu 22.04 - Safari,GitLab
6cb81f20-5cc3-421c-af29-55f3f1f473b0,10.267605633802816,2.590960916498925,2.9583333333333335,14957.366197183099,MFA,"Port Ronald, South Africa",macOS 13 - Chrome,AWS Console
6d0cbb14-6123-4e1f-be7b-6335e814a48e,11.78048780487805,2.863238217899802,3.037037037037037,11864.926829268292,SSO,"Daltonport, Indonesia",Windows 11 - Edge,AWS Console
6d397dff-b04d-4b45-ab0d-1e003f418c6b,10.768115942028986,2.0873916142079434,3.0,15088.478260869566,MFA,"Ashleyville, Libyan Arab Jamahiriya",Load Balancer,Intranet
6d6a973f-ee1f-4882-b444-a3f88a70fc3f,14.416666666666666,2.01927333185292,3.0,14601.097222222223,SSO,"South Dale, Chile",IoT Sensor,GitLab
6de4458c-11fa-4d45-8abf-30bd9e3ecbbf,10.483333333333333,2.459789619408825,2.608695652173913,12987.75,MFA,"Port Ricardoborough, United States Virgin Islands",Windows 11 - Safari,HRIS
6e084f03-3922-480c-a304-558ad6e832fe,11.06060606060606,2.3063710281191354,3.0,14137.166666666666,Biometric,"Lake Laura, Nepal",IoT Sensor,GitLab
6f30a026-40ba-4a3e-b833-82c1c632d333,11.466666666666667,2.796394074485893,2.8846153846153846,14550.626666666667,SSO,"East Pedro, Macao",Windows 10 - Firefox,GitLab
6f8063b8-0150-4874-bf73-9226029e9dcc,14.931034482758621,2.4981541885294574,2.6363636363636362,13504.5,SSO,"Josebury, Cayman Islands",Windows 10 - Chrome,Confluence
6ff6bcdb-285b-4e6f-9bdd-437dc49928bf,10.444444444444445,2.69526914117106,2.769230769230769,14093.263888888889,Hardware Token,"West Melissa, Tanzania",Network Router,Confluence
7051577f-b153-4cc0-adf7-3b528ed12f5b,13.694444444444445,2.2929093941601475,2.88,14286.833333333334,MFA,"Roblesshire, Grenada",Ubuntu 22.04 - Safari,VPN
70895fbe-44b4-47ff-aef0-2e4f5a03df2e,11.62295081967213,2.2668916635356995,2.9047619047619047,14947.196721311475,Hardware Token,"New Peterville, Luxembourg",Windows 11 - Edge,AWS Console
70a625b0-4f41-4193-bb66-ee0ff9b2fffb,10.657534246575343,2.5615705798623694,3.1739130434782608,14647.698630136987,Biometric,"Tracyland, Ireland",Windows 10 - Safari,HRIS
710862ac-ffcb-4f75-b9c3-b3fb010163a7,9.772727272727273,2.706854953789886,3.52,14120.75,Hardware Token,"Lake Dustinberg, Congo",Ubuntu 22.04 - Edge,AWS Console
72900180-474a-4cf6-9a5f-45f7bfa4695b,13.634146341463415,2.9250396013862447,3.28,13885.524390243903,Biometric,"Perezview, Thailand",macOS 13 - Safari,HRIS
73f2e94b-5c0e-46c2-9acf-99c2512fcb6a,12.67123287671233,2.398233114193702,2.92,14331.164383561643,Biometric,"Port Timothyview, Colombia",Ubuntu 22.04 - Firefox,Database
74433488-bf64-4318-83d5-50201dff4973,15.048387096774194,2.7486355443922266,2.9523809523809526,14670.032258064517,MFA,"West Daniel, Tonga",macOS 13 - Chrome,AWS Console
754b1ccc-e0bf-4404-af85-61961458d41c,11.445945945945946,2.2763939994811424,3.0833333333333335,14818.418918918918,SSO,"Alvaradoside, Rwanda",IoT Sensor,GitLab
75ba14a5-4120-4241-942d-71237ca97848,10.742857142857142,2.5003519421010574,2.5925925925925926,14781.114285714286,SSO,"New James, Micronesia",IoT Sensor,GitLab
775df3c9-76d6-4ae8-a7c2-7d2da8e2172d,12.679012345679013,2.519063121945474,3.24,14728.827160493827,Hardware Token,"Stephensberg, New Caledonia",Windows 11 - Safari,Database
77c4feb8-048a-400b-ab26-39c526dc0230,9.707317073170731,2.263438904852791,3.1538461538461537,14347.463414634147,MFA,"North Christytown, Georgia",Database Server,GitLab
781fe5f2-0d2d-4cf1-8b2b-4f39afe34e63,15.116666666666667,3.0089790298803827,2.857142857142857,14281.583333333334,MFA,"Nortonmouth, Bouvet Island (Bouvetoya)",IoT Sensor,GitLab
784dc0c6-b3e2-4319-9d60-bbe928b7d2ce,9.53623188405797,1.9895292832648777,3.0,13237.565217391304,Biometric,"Roblesland, Taiwan",Windows 11 - Firefox,Database
78a28947-63ad-4d5c-a64a-e1b19e669e36,10.383720930232558,2.239582968801336,3.3076923076923075,13867.616279069767,SSO,"Port William, Norway",IoT Sensor,CRM
78d37773-cbee-45ea-a64f-21310163ed3d,11.606060606060606,2.299690868046853,3.142857142857143,15161.318181818182,Password,"Donnamouth, Cook Islands",Windows 11 - Chrome,Database
79641fa8-2586-4b05-8a23-a0c56ff4d963,11.051948051948052,2.7572684036737285,2.9615384615384617,13485.285714285714,MFA,"South Mia, Haiti",macOS 13 - Edge,Intranet
7c471295-29a7-4df7-affc-3a79526df374,9.426470588235293,2.408419166116864,3.090909090909091,13123.45588235294,SSO,"South Jacob, Qatar",Windows 11 - Chrome,Confluence
7dba9976-bbb5-4301-a2bc-029eb46b4ce9,13.932203389830509,1.9556135005177315,5.619047619047619,8700.847457627118,Password,"Lake Stevenland, Azerbaijan",macOS 13 - Edge,Confluence
7e7e3af3-68c6-4584-ad1f-1e700878cba5,13.508474576271187,2.575567439024492,2.6818181818181817,14671.406779661016,Hardware Token,"Ortizville, Djibouti",Windows 11 - Chrome,Intranet
7eb9c38f-787f-4695-95ed-ee626908d6ba,13.31764705882353,2.928561180551858,3.5416666666666665,15873.788235294118,Password,"Port Catherineview, Comoros",macOS 13 - Firefox,Intranet
7ed7790c-c81a-4112-bf0c-be7d7d2c83d6,15.171875,2.9361171179227044,2.909090909090909,14163.59375,MFA,"Samuelstad, Madagascar",Ubuntu 22.04 - Firefox,CRM
7f08f379-3021-4374-b751-26dc89d6f202,14.08955223880597,2.562736128269715,2.7916666666666665,15574.65671641791,Password,"Annaport, Malta",Ubuntu 22.04 - Chrome,Email
7f5a0698-1664-4181-b957-42983dd45c54,9.976190476190476,2.862201488517546,3.230769230769231,13414.607142857143,MFA,"Michellebury, Chile",Windows 11 - Chrome,HRIS
7fdeebcb-527c-48b9-b569-0ce445ec0f98,13.905882352941177,2.2605494981560224,3.269230769230769,13029.929411764706,Hardware Token,"Hillville, China",Windows 10 - Safari,AWS Console
80a280bc-88d3-425f-8ef4-3d32ceaf78ac,14.085714285714285,2.4538810262719153,2.9166666666666665,14499.42857142857,Hardware Token,"Jaredland, Antarctica (the territory South of 60 deg S)",Windows 10 - Safari,Database
81229240-59fe-4755-b312-4ffb5b52bad7,12.619718309859154,2.840353082594278,2.84,15290.971830985916,SSO,"West Johntown, Slovenia",Windows 11 - Chrome,Confluence
81f4f34e-60be-4e46-9273-bbab3137785b,12.0,2.238420495749061,4.363636363636363,10660.489583333334,Password,"Lake Tamara, Saint Vincent and the Grenadines",Windows 11 - Safari,VPN
82b45dd8-e962-4a24-a98a-554fa0eb31f4,10.43661971830986,3.1610685099738816,2.9583333333333335,14287.408450704226,Hardware Token,"South Michaelville, Cuba",macOS 13 - Firefox,Intranet
82cc7a00-7efa-4f68-af5e-48da19594283,9.839285714285714,2.2383174339366914,2.4347826086956523,13915.625,Hardware Token,"Dawnstad, Lithuania",macOS 13 - Chrome,VPN
82e0fcec-fe31-490f-85f8-ba50e1c823cf,11.327272727272728,3.2888957138886328,2.619047619047619,13859.454545454546,Biometric,"Lake Catherine, Costa Rica",Windows 10 - Safari,CRM
836302d1-a68e-4842-990d-43026effa327,12.482142857142858,3.098334282267704,2.9473684210526314,14862.464285714286,Password,"Brooksborough, Angola",macOS 13 - Firefox,Confluence
83cc133c-c1f5-4c54-a7fe-44df9473a11d,9.520547945205479,2.211771468511006,2.8076923076923075,13423.013698630137,SSO,"South Eileen, Hong Kong",Windows 10 - Safari,CRM
845fac08-4317-405e-81e3-a0791d0e0d39,12.957142857142857,2.7789880041342663,3.0434782608695654,15079.1,Biometric,"Deckerland, El Salvador",Windows 10 - Firefox,Intranet
84eeb876-a02f-4ee4-a658-7e673af0d2ec,11.109375,2.895629917487319,2.4615384615384617,12996.90625,SSO,"Lake Melanie, Hungary",Windows 10 - Safari,Intranet
8586de67-aac1-47e7-a43b-1b9a23b91d83,13.405063291139241,3.023493425814397,3.16,14277.93670886076,Hardware Token,"West Christine, Chile",Windows 10 - Chrome,AWS Console
86c050cc-4ad1-48a9-9e02-cadddddb23b4,10.162162162162161,2.596240838961431,3.3636363636363638,14378.148648648648,Password,"Woodsbury, Netherlands Antilles",macOS 13 - Safari,CRM
86e47684-5bf6-4af8-a1d9-486d4a396536,12.75,2.6361652240721924,2.962962962962963,15206.8625,Hardware Token,"Port Nicholas, Montserrat",App Server,Confluence
876c6995-5e61-4478-aa9f-b18e45800781,11.0,2.3626446098046157,2.6153846153846154,14843.161764705883,MFA,"Dennisville, Gabon",Database Server,Email
8798f970-b67d-439e-87d9-90284b6db330,13.28125,2.2640653841026896,2.4615384615384617,13872.515625,SSO,"New Jennifer, Kyrgyz Republic",Windows 10 - Firefox,Confluence
87b607b6-3c12-4025-b0c6-5beef702fdf6,12.766233766233766,2.5073371484930504,3.2083333333333335,13673.012987012988,SSO,"Lake Craigshire, Montserrat",macOS 13 - Chrome,Jira
87ef4cf7-1e1f-44e9-ac01-6be9a94340bc,10.701149425287356,2.4165848597533675,3.3461538461538463,14971.724137931034,Biometric,"Lake Georgebury, Netherlands Antilles",macOS 13 - Firefox,Database
881a28ed-8939-4c7d-9f4d-a85316a5cd0a,15.25,2.054804667656326,2.6666666666666665,14233.25,Password,"Woodton, Qatar",Windows 10 - Firefox,Intranet
8848ea05-3059-4691-8f98-ad1392e7c1de,11.166666666666666,2.2985973513318476,3.12,12508.5,SSO,"Hamiltonland, Wallis and Futuna",Ubuntu 22.04 - Chrome,Intranet
89049fb5-82f4-434f-b5e0-34a2f8384317,13.256756756756756,2.3470226596008286,3.0833333333333335,13850.378378378378,Hardware Token,"Andrewview, Belarus",macOS 13 - Firefox,HRIS
8b39350c-9d25-4440-92bb-7ba273e35fd4,12.78494623655914,2.094762943761498,3.72,10767.075268817205,Hardware Token,"Johnborough, Switzerland",Windows 10 - Safari,Email
8df4964d-e634-4e23-8096-6aa127070bb2,12.364864864864865,2.284997672876272,3.0833333333333335,15528.905405405405,Password,"North Cameronton, Gibraltar",Windows 11 - Edge,Email
8e7b65fe-75cb-46bf-8745-e26f79c5416c,11.405797101449275,2.8456305027580036,3.1363636363636362,14528.27536231884,Biometric,"Lake Mark, Montserrat",Ubuntu 22.04 - Firefox,Jira
8e8e9909-93a0-4044-861a-13820d71a844,9.987951807228916,2.276571962422483,3.1923076923076925,13862.168674698794,MFA,"South Joefurt, New Caledonia",macOS 13 - Chrome,Intranet
8ea48d47-a50f-4d31-9b1b-8036b9524349,10.696969696969697,2.3597242144577764,2.64,15334.484848484848,Password,"Davisstad, Palestinian Territory",Database Server,AWS Console
8edfbaa7-3adf-4bae-8c88-64347c0fb70e,13.7012987012987,3.091009607951042,2.8518518518518516,14442.922077922078,Hardware Token,"Smithfort, Cameroon",Windows 11 - Firefox,Intranet
8f9cea10-7a24-4a91-aa9c-2653a1748e90,13.315068493150685,2.886158116908893,2.92,15854.780821917808,Password,"East Noahburgh, Jamaica",Network Router,VPN
8fb9b892-26d0-48d7-86b6-6e3cbc404ed2,10.585714285714285,2.965955901549767,3.1818181818181817,15606.4,MFA,"East Lisa, Gambia",Database Server,Database
8fd4cf36-b70b-48fb-b009-679f07052e7b,14.381578947368421,3.0505392103174507,3.1666666666666665,14235.565789473685,MFA,"Nicholsonburgh, Brunei Darussalam",Load Balancer,Jira
9076bea1-b00c-45b9-befd-b63c8ff763fd,11.036585365853659,2.327745276629215,2.9285714285714284,13956.353658536585,SSO,"Lake Johnville, Bahamas",Ubuntu 22.04 - Safari,Intranet
91b33370-67bf-45fc-b0cb-60173a321c12,15.10344827586207,2.725382028089285,2.9,14684.620689655172,MFA,"Markside, Namibia",Ubuntu 22.04 - Safari,Email
92070da8-d3cc-43ed-be16-6e106c554ce4,13.445945945945946,2.246104035770357,3.217391304347826,12643.581081081082,MFA,"Moorehaven, Falkland Islands (Malvinas)",Windows 11 - Chrome,HRIS
9295c2f3-af23-4a96-b038-0133a13b4e96,14.441558441558442,2.6630686024599646,2.9615384615384617,15718.142857142857,Hardware Token,"Port Antonio, Paraguay",IoT Sensor,VPN
92b9316a-69c1-4f4f-94fd-13a40ee400fd,10.328125,2.0858912867926414,3.0476190476190474,14845.203125,Password,"West Connie, Zimbabwe",Load Balancer,VPN
936f8dc9-7554-4c6b-aff8-dd0dfe7f413a,14.986842105263158,2.6102026539594285,3.04,16238.828947368422,Hardware Token,"North Cynthiatown, Peru",Windows 11 - Chrome,Jira
94b61d23-a355-4d5d-bba4-57abd92ea900,14.735294117647058,2.0046040071885827,2.9565217391304346,14040.779411764706,Hardware Token,"South Bethberg, French Guiana",Windows 11 - Safari,Jira
94d34173-47dd-436c-a495-b25cdbb39980,9.313432835820896,2.182637792685032,2.9130434782608696,14603.10447761194,Password,"Munozbury, Belize",Database Server,VPN
953bcc2c-db06-48a4-997b-3e4a19d8ceb0,11.10126582278481,2.889392344549285,3.0384615384615383,14409.025316455696,SSO,"Port Ricardomouth, North Macedonia",Ubuntu 22.04 - Chrome,Jira
95d53fd3-c2fb-4b4b-b931-e7a5905b91f6,14.584415584415584,2.7161827381680985,2.9615384615384617,14551.142857142857,Password,"West Curtis, Panama",Windows 11 - Chrome,CRM
962c22fa-cc90-42da-8846-2893aecfdb78,10.47887323943662,2.6931614716302548,2.9583333333333335,15471.281690140846,MFA,"Williamland, Qatar",Ubuntu 22.04 - Safari,VPN
964267de-2fe2-4fc6-adb4-18e1d7367ff8,15.561643835616438,2.7637851528990245,2.8076923076923075,14656.17808219178,Biometric,"South Colleen, Tuvalu",macOS 13 - Edge,GitLab
9646627b-d56a-4beb-bd2c-3107c7fefd8f,11.359375,2.3928941598653,2.909090909090909,13371.921875,Hardware Token,"Carolynchester, Cameroon",Ubuntu 22.04 - Edge,Database
9650a739-9aa1-428e-924b-0aceebc5afc0,11.935483870967742,2.3390552088882792,2.8181818181818183,15512.90322580645,Hardware Token,"North Davidfort, Burundi",Windows 11 - Firefox,Database
9664c4f5-4c4a-435f-9b81-c31967062acd,10.292307692307693,2.396110630552386,2.9545454545454546,14452.446153846155,Hardware Token,"Henryshire, Botswana",IoT Sensor,CRM
9738249a-07d9-42e1-be14-b177369c827a,10.214285714285714,2.5644891411088926,3.0434782608695654,13850.557142857142,Biometric,"North Matthewfort, Ecuador",Windows 10 - Safari,Database
97930139-c9fd-4f8f-ba7d-6d4e27c7a21c,12.413333333333334,2.4054742372983977,2.8846153846153846,15410.8,MFA,"North Deborahbury, Pakistan",Ubuntu 22.04 - Safari,Confluence
991f2784-7855-44a2-8959-c26437d869ff,15.394366197183098,2.428867303553164,3.0869565217391304,14496.845070422536,Biometric,"Carlaview, New Zealand",Windows 11 - Safari,AWS Console
9ad182cd-78b4-4ede-b3e6-abcf61cc1cae,11.296703296703297,2.7788666974326275,3.64,15416.208791208792,Password,"Lake Eileenstad, New Zealand",Windows 10 - Safari,Email
9b3d3320-16b9-43b1-85f1-ac0430c8f19a,13.388059701492537,3.0249228584233396,2.7916666666666665,13299.164179104477,Password,"Lloydchester, Iraq",Ubuntu 22.04 - Chrome,Jira
9b548c40-b138-4bb6-a602-410882238a1e,11.67123287671233,2.392434804177001,2.92,12985.205479452055,SSO,"South Russell, Armenia",macOS 13 - Chrome,HRIS
9b5d4799-3e09-4a3d-8bb8-fc2fb7015fcc,12.507246376811594,2.5065982831542195,3.0,12306.91304347826,Biometric,"Stricklandberg, Holy See (Vatican City State)",Windows 11 - Edge,GitLab
9bba6cb8-c145-4624-929d-3340b17434ef,14.5,2.3057440656331596,3.2,13550.0375,Biometric,"West Charles, Italy",Windows 10 - Firefox,Email
9c359023-6cdf-4f67-99e3-c68890964b7e,13.113924050632912,2.15422864874665,3.16,15307.151898734177,Hardware Token,"Brewermouth, Northern Mariana Islands",App Server,Database
9c60b520-0be2-4e6d-acd0-3fa015817939,9.69620253164557,2.2034613236017764,2.925925925925926,14728.291139240506,SSO,"Joannaville, Barbados",macOS 13 - Edge,Jira
9c6df36c-b386-4eb2-99da-2d9eb64eb85c,12.96875,3.018297375610801,3.0476190476190474,14026.0625,Password,"Kristenmouth, Sao Tome and Principe",Windows 11 - Safari,Confluence
9ca75d73-f96f-4a0e-ba51-eea7cac7abab,9.65079365079365,2.5410102776114027,2.625,13997.968253968254,Biometric,"Briannatown, Falkland Islands (Malvinas)",Windows 11 - Edge,Intranet
9cf3baa1-3969-400e-a9cd-6eb855bb9da8,12.333333333333334,2.55226492059496,3.5,14981.142857142857,MFA,"New Sheila, Sao Tome and Principe",Windows 10 - Edge,CRM
9dc776ce-3a99-4d50-9e56-bc7611b1918f,10.962962962962964,2.959917416265378,3.375,15497.04938271605,Password,"Collinsshire, Sweden",macOS 13 - Chrome,AWS Console
9f9691c3-3d77-458f-bb77-d4336763403f,11.516666666666667,2.9715696170038766,2.727272727272727,13703.283333333333,SSO,"North Thomasborough, Andorra",Load Balancer,HRIS
9fcf1ba3-51b6-4419-b51e-0e5f89e723c3,10.014084507042254,2.5156252147980958,3.0869565217391304,14062.718309859154,SSO,"North Kellyville, Ukraine",Windows 11 - Edge,GitLab
a031ae0a-fc8f-4df1-bb24-0b1791d6d3ba,11.246575342465754,2.559192699953381,2.92,14087.671232876712,Password,"Christinachester, Suriname",macOS 13 - Edge,AWS Console
a0f3899d-f875-4e21-9ab9-1f8aa5238b63,12.128571428571428,2.7022343335422905,3.1818181818181817,12675.1,Biometric,"North Emilyside, New Zealand",Windows 10 - Firefox,Intranet
a1d85fb3-fa8c-478e-9442-e86605f6eb2f,13.734375,3.1129131331605087,2.909090909090909,14456.015625,Hardware Token,"Seanville, Anguilla",Ubuntu 22.04 - Safari,Email
a2194dce-ecbd-4227-9fcc-37cbadb7d5cc,13.068965517241379,2.764829673162001,2.9,16871.844827586207,Biometric,"West Scottchester, Ecuador",Ubuntu 22.04 - Firefox,Email
a2235693-1819-4484-b406-5eb5d6653748,9.552631578947368,2.3460306155553057,2.814814814814815,12979.157894736842,Biometric,"Bassmouth, Cayman Islands",Ubuntu 22.04 - Chrome,Intranet
a2282162-9dd3-48d6-bae4-f07754449455,11.758620689655173,1.9705123713424066,3.782608695652174,8664.551724137931,Biometric,"Wellschester, Ireland",Ubuntu 22.04 - Firefox,Intranet
a28569b9-c532-4a09-9f42-212e1c69b692,14.612612612612613,2.1916003748658652,4.826086956521739,8196.891891891892,Hardware Token,"Cuevasville, Israel",Database Server,VPN
a321ca70-ba18-4b52-9632-5b6e64e45579,14.355263157894736,2.3816182026424584,2.814814814814815,12699.934210526315,Biometric,"Loweberg, Tajikistan",Ubuntu 22.04 - Safari,Database
a3902e3e-8185-41ba-93c7-9e61d04ea1b9,13.405063291139241,3.1030133714056674,3.590909090909091,14744.139240506329,Hardware Token,"Lake Toddfort, Pitcairn Islands",Windows 10 - Edge,Database
a487520e-2fea-42fc-b872-e2816e4042f9,10.725,2.819349956499758,3.076923076923077,16237.1125,SSO,"Clarkton, Mauritania",Windows 10 - Safari,Email
a51da90c-f3fc-4ccf-89fe-4daf9fc71edf,15.172413793103448,2.741612564658117,3.48,13151.931034482759,SSO,"South Christopher, Malta",macOS 13 - Firefox,Jira
a59c4ebf-5655-4c3e-988b-1a4ea91781fe,11.782608695652174,2.594505309401294,3.0,14375.797101449276,SSO,"North Kimberlytown, Korea",macOS 13 - Chrome,AWS Console
a5ca60ea-df73-4cfc-a641-cfeb67312263,14.77027027027027,2.435734522824558,3.5238095238095237,15293.702702702703,SSO,"East Elizabeth, Jersey",macOS 13 - Firefox,Confluence
a60f25d3-e692-45be-97d6-932b2be50a12,13.536585365853659,2.5637314720001263,3.28,15590.19512195122,Hardware Token,"Woodchester, Guatemala",Windows 10 - Safari,CRM
a64a4c27-8469-4342-a0cc-64879493034c,15.766233766233766,2.823287109475239,2.9615384615384617,14394.87012987013,Hardware Token,"Cainchester, Comoros",Windows 10 - Edge,HRIS
a6785e4b-61d3-4a62-8d91-3daace3ed39d,14.9,2.7165531500320683,2.727272727272727,14235.85,Biometric,"Everettton, Ethiopia",Windows 10 - Safari,AWS Console
a7339ebd-5348-4a1d-ae15-f546c52a6e5e,15.047619047619047,2.5407747699156737,3.5,13397.67857142857,Password,"New Calebberg, Saint Barthelemy",Windows 10 - Chrome,Confluence
a77b96c6-753e-4a32-9284-5dc4900f303c,11.126760563380282,2.853216618208742,3.0869565217391304,15559.225352112677,SSO,"South Leeborough, Lesotho",Database Server,Jira
a86b1b31-d558-4947-bdae-077e217b89a8,13.857142857142858,2.55319348904097,3.08,14259.051948051949,Biometric,"Hernandezport, United Arab Emirates",Load Balancer,Database
a86dc8e7-0b2b-416a-b412-7d3358940480,10.605633802816902,2.3267320629061126,3.227272727272727,15460.042253521127,Hardware Token,"North Stephanie, Canada",IoT Sensor,Database
a887a9b9-fd2e-4b8a-8523-be9fe3cbc6f3,9.51388888888889,2.5286697251775947,3.0,14005.027777777777,SSO,"Vasquezberg, Mauritius",Windows 11 - Edge,HRIS
a8ddc4de-98ea-47e5-a789-f4d7390509a9,10.378378378378379,2.279766286403497,3.0833333333333335,13946.094594594595,SSO,"Port Morgan, Maldives",Windows 11 - Chrome,Confluence
a9b728d0-48d7-4fa4-9a2a-970424fb46b5,11.89655172413793,2.6930036395335293,2.32,12663.137931034482,Hardware Token,"North Randall, Solomon Islands",Windows 11 - Safari,GitLab
aad87ae1-32a4-49a5-bcd8-fc754ae2afd5,14.583333333333334,2.281277131808557,2.769230769230769,13977.694444444445,Hardware Token,"Lake Benjaminville, British Indian Ocean Territory (Chagos Archipelago)",Ubuntu 22.04 - Chrome,Intranet
ab2768ed-5e0b-4f75-89ac-35007296ccb8,12.43661971830986,2.676524368687321,3.380952380952381,13591.830985915492,Hardware Token,"West Jeffreybury, Cambodia",Network Router,Email
ab675a0b-bc07-4c21-94fa-dd78362e9555,10.0,2.599533757729596,2.7916666666666665,15263.805970149253,SSO,"Domingueztown, Saint Helena",macOS 13 - Chrome,Database
acdb1427-d422-4059-8a28-7c7fcdf8cdd6,13.689655172413794,2.985664761113983,3.2222222222222223,15901.149425287356,Biometric,"Justinton, Namibia",Windows 11 - Edge,CRM
ad4486ce-cb5f-483d-82c8-8276c2600b54,11.263157894736842,2.6095640558153597,4.0,15151.697368421053,Password,"Robinsonport, Iran",Windows 11 - Firefox,CRM
adc02294-8c0f-4650-92b5-de56fcbed3f3,12.238805970149254,2.1748531976846093,2.576923076923077,14346.298507462687,Biometric,"New Jeremyborough, Grenada",macOS 13 - Chrome,Confluence
ae4339c2-5265-46a7-98c2-0f2b99a65c82,13.36111111111111,2.9896796924648594,2.769230769230769,14283.819444444445,Hardware Token,"Jacksonmouth, Monaco",Windows 11 - Edge,Jira
ae791bbd-47eb-4a12-9c69-d47f8f47087a,12.541666666666666,2.7050648580994916,2.2857142857142856,12315.104166666666,SSO,"West Brad, Rwanda",macOS 13 - Firefox,Database
af2fdbfa-1c87-4ff1-a848-176618904704,13.227272727272727,3.0066360171893334,3.0,15447.469696969696,SSO,"New Aaronbury, Uruguay",Windows 10 - Safari,Database
afb38985-15ef-4dba-8ee6-14938a8dcca3,13.491228070175438,2.7588999296921117,2.85,15815.0,Hardware Token,"Jonesmouth, South Africa",Windows 11 - Edge,CRM
afd00162-bf37-4511-a52e-251da88a8977,13.818181818181818,2.0946502831290092,2.75,15102.74025974026,Hardware Token,"Blackchester, Saint Pierre and Miquelon",Windows 10 - Edge,Intranet
b02bb9e6-3602-413c-99ac-e750e19a01c0,10.12987012987013,2.7642008902862316,2.9615384615384617,15329.363636363636,MFA,"Williamsfurt, Saint Kitts and Nevis",Ubuntu 22.04 - Edge,Database
b06f4185-369f-4043-aaa6-c7c952393e9d,16.0625,2.6837252006084666,2.4615384615384617,15707.328125,Hardware Token,"Hallborough, Chile",macOS 13 - Firefox,Intranet
b08b2381-ce6d-4a30-8636-0414f07b774c,14.701492537313433,2.622830563117307,3.0454545454545454,12728.985074626866,MFA,"West Christopher, India",macOS 13 - Chrome,CRM
b1d74dac-d430-48d1-9aae-78d63b75de07,15.364705882352942,3.034904324307948,3.0357142857142856,15156.929411764706,MFA,"West Dianaville, Papua New Guinea",App Server,CRM
b222c9b4-88c6-48ef-8361-bdf10319ce2a,10.342857142857143,2.832961856052212,3.0434782608695654,14923.285714285714,Biometric,"Lukeport, Burkina Faso",Windows 10 - Chrome,HRIS
b248b7f7-a8da-4e38-8dac-5c594d21db33,12.846153846153847,1.9611613513818396,3.12,13378.858974358975,SSO,"Ronaldland, Panama",macOS 13 - Safari,CRM
b2d3e7ee-bf98-4383-b851-e4ab2d0f3582,12.472222222222221,1.9927489840173134,3.130434782608696,12938.527777777777,MFA,"Mcintoshchester, Turkey",macOS 13 - Firefox,Email
b36c657a-d61e-4cce-bd47-60227d2679b5,9.858823529411765,2.335813008133054,3.1481481481481484,13888.717647058824,Password,"West Laura, Vietnam",macOS 13 - Chrome,CRM
b3e02b14-6b11-462d-a17c-364bb5bcd092,9.142857142857142,2.2278091571211833,2.8636363636363638,16226.888888888889,Biometric,"East Jamesmouth, Russian Federation",Ubuntu 22.04 - Chrome,Intranet
b3fc1fa4-776d-4ffc-8e9d-31d2e80352a9,12.421052631578947,2.5417220298830836,3.3043478260869565,14835.815789473685,MFA,"Jacobston, Finland",IoT Sensor,HRIS
b42aac41-2733-4aa4-8449-e851acee9e67,10.193548387096774,2.667265594265152,3.72,9906.322580645161,Hardware Token,"Victoriaton, Uzbekistan",macOS 13 - Safari,AWS Console
b679a8bc-8c1c-4a7b-8923-0133a3628893,10.339449541284404,3.100836755309523,4.1923076923076925,10192.935779816513,SSO,"East Joanna, Colombia",Windows 11 - Chrome,Confluence
b6b23a23-3d6b-4c6f-b254-be9b11763d4a,10.430379746835444,2.468693957124602,3.16,13410.962025316456,Biometric,"North Deborahfurt, Cameroon",Windows 10 - Firefox,Email
b6d1bdc6-d66f-4106-9f78-1f7fcd09e451,11.402777777777779,2.147122032010358,2.88,13188.527777777777,Hardware Token,"Rojasstad, Uruguay",macOS 13 - Edge,Jira
b6de7afb-06ad-46ad-8b7a-b25ef986e7f0,11.181818181818182,2.017862813703704,3.347826086956522,15130.285714285714,Biometric,"Lake Regina, Guadeloupe",macOS 13 - Chrome,VPN
b6e39e83-f5ea-43a1-ad9b-c51612636377,11.56,2.5639918202003016,3.125,14320.333333333334,Biometric,"Port Heatherfort, Kazakhstan",macOS 13 - Edge,Confluence
b6fdbe33-7383-4835-9eea-ef9a6e25050c,14.895833333333334,2.212306092206509,4.0,10804.46875,Biometric,"Gregoryfort, Sri Lanka",macOS 13 - Safari,Jira
b7caf655-108d-4dbf-bb79-3d7dc12350dd,13.131578947368421,2.2998092979674514,3.4545454545454546,14515.513157894737,Password,"Amyville, Antarctica (the territory South of 60 deg S)",Windows 11 - Edge,GitLab
b7f1bcc2-cf0d-489e-8b5b-96b55581efbe,11.044444444444444,2.6432492394442715,3.6,14686.066666666668,SSO,"North Michael, Armenia",Windows 10 - Safari,Confluence
b7fa1480-9307-4e18-abcd-966807f28d91,11.278688524590164,2.727215598010687,2.652173913043478,13734.737704918032,MFA,"South Reginachester, Maldives",App Server,HRIS
b7fb977f-58ca-4fa7-820e-15fae70aeea9,13.14102564102564,2.7479596160209585,3.0,13971.192307692309,Biometric,"Freemanshire, Antarctica (the territory South of 60 deg S)",Windows 11 - Safari,AWS Console
b835405f-70ab-46a5-9e32-9c0c16db0b9d,11.675,2.509601814197381,3.2,13425.7375,SSO,"Ballardbury, Congo",Windows 11 - Firefox,VPN
b90d3dfc-f0db-4ce0-a6b6-74a125895c22,13.61111111111111,2.221925698069205,3.3333333333333335,14905.655555555555,Biometric,"New Laura, French Southern Territories",Windows 11 - Edge,VPN
b946f1a1-13a1-4bfa-b48a-9a99606a8371,10.3125,2.6652653227223606,2.962962962962963,14075.95,Hardware Token,"South Ashleybury, Colombia",Windows 10 - Firefox,Email
b9734b2e-d29e-4e65-8e3a-45ecaaea5d42,15.258823529411766,2.5780804098087735,3.1481481481481484,14582.505882352942,Hardware Token,"South Bianca, Armenia",Windows 10 - Chrome,AWS Console
b9a55697-b0df-4636-8463-49de3953a053,10.6,2.6180598328028317,2.4,16803.883333333335,Biometric,"Lake Juliaview, French Southern Territories",macOS 13 - Safari,HRIS
bbcf822c-867e-4c4e-98b6-b35bb2816b78,11.469696969696969,2.341726496344734,2.75,14604.09090909091,MFA,"Port Patrickmouth, Wallis and Futuna",Windows 10 - Firefox,VPN
bc823607-9537-4686-92f8-71466ff9fef8,12.525,2.652798856331158,3.076923076923077,15538.525,SSO,"Edwardsbury, Yemen",Windows 11 - Edge,AWS Console
bce849ee-4777-455b-92cb-54f361706a8f,13.633333333333333,2.2805972015035043,3.2142857142857144,14987.677777777777,SSO,"Dixonberg, Botswana",Load Balancer,Database
be4d5716-2915-461e-a75d-d2a32856a330,15.597222222222221,2.7865861906298677,3.0,14867.291666666666,Password,"North Edwinside, Moldova",App Server,Jira
bfd7cc58-1a38-4d51-a06d-b69235f7766d,9.865671641791044,2.242127793428023,2.7916666666666665,15531.208955223881,Password,"Davilamouth, Egypt",Ubuntu 22.04 - Firefox,Email
c152ce80-e2b4-4a12-ba8b-a540e5efa24c,10.746478873239436,2.950633393789761,2.9583333333333335,11109.492957746479,Hardware Token,"Mendozaview, Norfolk Island",Windows 10 - Safari,Database
c2083077-336b-4274-81b7-2a275a4da9b6,11.693548387096774,2.3370761449846635,2.6956521739130435,14795.112903225807,Biometric,"Millermouth, Puerto Rico",macOS 13 - Chrome,Confluence
c25ba156-496e-4642-b653-558fe64c77e5,10.837837837837839,2.5267176554434227,2.8461538461538463,16205.081081081082,SSO,"Port Roberthaven, Benin",macOS 13 - Edge,Confluence
c2b88bf9-8cd9-464d-aaa3-d720b27c7918,15.557142857142857,2.8316826271733206,3.0434782608695654,15157.2,Password,"Lukemouth, Iran",macOS 13 - Safari,Confluence
c41ff72f-ca8e-4fe7-8272-c28a3bbaf9d5,12.76056338028169,2.8956360699329924,2.9583333333333335,15106.647887323943,MFA,"Jacksonburgh, Sao Tome and Principe",Windows 11 - Safari,Database
c434afc1-32e5-4623-b919-1db9241fdad1,10.359375,2.199330255197834,3.0476190476190474,14596.71875,SSO,"East Kellyfurt, Bouvet Island (Bouvetoya)",Windows 10 - Edge,Confluence
c4abe332-4245-4f4c-abed-00fb83718d3a,10.108108108108109,2.418918401833323,2.96,14398.27027027027,Password,"Hawkinstown, Saint Lucia",Ubuntu 22.04 - Chrome,GitLab
c59a995d-ad83-41ea-a2e8-81ced60b9af8,13.3875,2.918703327493915,3.076923076923077,15316.7125,Password,"Harrismouth, South Georgia and the South Sandwich Islands",macOS 13 - Safari,GitLab
c5a235f5-212a-4c13-8c17-20c2a18eae7e,14.802469135802468,2.2935766451462865,3.24,13932.086419753086,SSO,"East Stephanie, Senegal",IoT Sensor,HRIS
c6ae19be-c9cc-4012-886b-f67a3b9cb3b7,13.416666666666666,2.508142767436489,2.823529411764706,17154.479166666668,SSO,"Port Kevin, Benin",Load Balancer,HRIS
c6bb7a02-5266-4df3-a150-2297366b0fb0,11.359375,2.5780956888665676,2.56,13694.71875,MFA,"West Sheilaside, Greece",macOS 13 - Chrome,Email
c6c283e0-c5c3-4d1e-88b8-2aec1f147c09,12.930555555555555,3.1053175151841637,2.5714285714285716,13439.986111111111,MFA,"Debratown, Holy See (Vatican City State)",Ubuntu 22.04 - Safari,AWS Console
c73ab9e3-3b14-4dac-b4af-3d29d41531e7,11.902439024390244,2.603936981740926,3.037037037037037,15318.158536585366,MFA,"Stephenschester, United States Virgin Islands",Windows 11 - Chrome,AWS Console
c828bfb2-9bce-4deb-b66a-f3149c160cf1,12.258064516129032,2.6792186521322536,2.8181818181818183,13840.08064516129,Password,"New Ronald, Argentina",Ubuntu 22.04 - Edge,GitLab
c862c0a0-7a4c-4201-9c56-154f24071194,15.2,2.7110883423451915,3.0952380952380953,12752.584615384616,MFA,"Kathrynport, Western Sahara",Windows 10 - Firefox,CRM
c912a338-0cc0-4609-8d15-28bab871b44b,10.447368421052632,3.0698305570703424,3.3043478260869565,14485.078947368422,Biometric,"Alexanderview, Holy See (Vatican City State)",Windows 11 - Chrome,GitLab
c9c1b16e-13af-4c27-b31f-3f19acfbc028,11.026315789473685,2.291862033139728,3.1666666666666665,14507.526315789473,Biometric,"Lake Katherine, Papua New Guinea",Windows 11 - Chrome,GitLab
c9d6989f-0bda-4c02-9396-ecd0032e9638,10.376470588235295,3.01178823082549,3.269230769230769,13721.541176470588,Biometric,"Markberg, France",Windows 10 - Firefox,VPN
ca17ba53-4a58-42bb-a346-210e97fc7c48,13.863636363636363,2.4424852641795534,2.869565217391304,15850.969696969696,Hardware Token,"Vanessafort, Cape Verde",macOS 13 - Edge,Email
ca8a5849-0f27-4c2d-8baf-73c822c3b543,11.98360655737705,2.0935759143841945,2.772727272727273,12631.081967213115,MFA,"Hansonfurt, Kenya",Ubuntu 22.04 - Chrome,Intranet
cad7833c-3fd4-47e4-a00a-131033cb289d,13.028169014084508,2.3783057053644328,3.0869565217391304,14118.014084507042,Biometric,"Watsonport, Svalbard & Jan Mayen Islands",macOS 13 - Firefox,AWS Console
caf54eda-fbd1-4f7b-bf8e-4a88467e323e,13.536585365853659,2.2618419345894063,3.1538461538461537,13264.121951219513,Biometric,"Kimhaven, Iraq",Windows 10 - Edge,AWS Console
cb1fe027-2993-4149-a7ed-127947d5232c,11.416666666666666,2.5878916319257934,3.0,15747.833333333334,Biometric,"Friedmanburgh, Dominica",IoT Sensor,Jira
cb363dad-9a52-4a73-b718-d42a1b6ce3dc,9.507246376811594,2.37402108869788,3.2857142857142856,15810.376811594202,Password,"Martinhaven, Guadeloupe",Ubuntu 22.04 - Firefox,VPN
ccad82d1-f998-4612-9d61-4c457abdf4cf,9.743589743589743,2.176831352814164,2.7857142857142856,14509.24358974359,Hardware Token,"West Amy, Uruguay",Ubuntu 22.04 - Edge,VPN
cd056f0b-629b-451d-834c-f9087d5bc7dc,13.150684931506849,2.8218947184703578,2.8076923076923075,13014.890410958904,SSO,"Jeffreyfurt, Uzbekistan",macOS 13 - Firefox,VPN
ce76fafc-d827-4660-8f13-c9aa35b0c6eb,11.636363636363637,2.7477698656273524,3.08,15325.48051948052,Password,"North Howard, Tokelau",Windows 11 - Firefox,VPN
ce83fd45-2c70-4294-9900-450c14337ea7,15.681159420289855,3.269703861492426,2.6538461538461537,13864.072463768116,Password,"Lopezmouth, Japan",Windows 11 - Safari,Jira
ceda44ff-4a99-40be-af78-f6f1af598d50,9.307692307692308,2.1228160591325684,3.7142857142857144,11586.288461538461,Biometric,"Campbellton, Sudan",macOS 13 - Firefox,Intranet
cf267664-01e3-4140-b6f5-77c3aa6a0d31,15.333333333333334,2.559105235789091,3.0,15085.869565217392,Hardware Token,"Hicksfurt, Spain",macOS 13 - Safari,AWS Console
cf3f888d-adb6-4f8e-850c-17e6547b03c5,10.766666666666667,2.8366049572712475,2.727272727272727,12107.366666666667,Biometric,"Cameronland, Russian Federation",macOS 13 - Chrome,CRM
cfdee76c-160e-42fb-9a28-c8c02ac56b19,14.478260869565217,2.3677284699510794,2.875,14416.333333333334,Password,"Millerport, India",Windows 11 - Edge,AWS Console
d07a5eab-5f14-47f1-a18d-ef92480c0083,13.647887323943662,2.2303016551213473,2.84,14368.845070422536,Password,"West Chloe, Lao People's Democratic Republic",Ubuntu 22.04 - Edge,Jira
d098aeda-8653-4baa-9972-68fe92d2876c,12.623188405797102,2.561602492899376,3.0,13766.231884057972,SSO,"Kimfurt, Bhutan",macOS 13 - Chrome,Database
d0bcb219-5ae1-45b9-924f-ae266f297b68,13.253164556962025,2.71495551472447,3.4347826086956523,12788.708860759494,Password,"Desireeview, Montenegro",Windows 10 - Safari,GitLab
d1a78ede-2f1c-434d-b536-a96b95473378,9.8875,2.6241032223445373,3.3333333333333335,13876.0375,Hardware Token,"Seanshire, Taiwan",App Server,Email
d303a1a3-b19e-4bcf-a840-f18e74c4dc76,14.523255813953488,2.6864660547271195,2.9655172413793105,14410.255813953489,Password,"Haleyland, Macao",Windows 11 - Safari,HRIS
d32346d9-1142-463d-bf92-d26a4abdb6cb,11.64864864864865,2.2417729800404067,2.740740740740741,14229.283783783783,Password,"New Deniseside, Mongolia",App Server,HRIS
d4141f01-13b6-4e0a-9fd6-412206f7200d,14.120481927710843,2.505591748233489,3.1923076923076925,14246.096385542169,Hardware Token,"Smithtown, Samoa",Ubuntu 22.04 - Edge,VPN
d4ee64ae-b429-44d6-9632-bbab5f0c63a9,10.447058823529412,2.5565317016881863,3.269230769230769,13009.611764705882,SSO,"East Destiny, Peru",Windows 10 - Safari,Intranet
d4f56467-0038-4493-b00a-f2b5a148842c,9.654320987654321,2.550296521128281,3.0,13374.246913580248,SSO,"Maryfort, Guadeloupe",macOS 13 - Safari,CRM
d55b9b25-7cd4-40d0-8805-77d4787d8c1b,13.295774647887324,3.1048090173479643,2.9583333333333335,15107.070422535211,MFA,"North Michael, Uruguay",Windows 10 - Edge,HRIS
d5e57111-b2f6-440d-aebb-ad098c9be517,14.283333333333333,2.2556269876343986,2.608695652173913,14252.65,Biometric,"Malloryborough, Bermuda",Ubuntu 22.04 - Firefox,Email
d61dea87-2cd4-4b39-94d2-1ea20ebcbb56,13.3,3.1137606873325265,3.75,15764.144444444444,Biometric,"Lake Lindseyview, Afghanistan",IoT Sensor,Email
d664939c-3828-4027-b999-819b73c33429,12.727272727272727,2.3634749810425295,2.75,15171.060606060606,Password,"East Paulview, Ghana",Ubuntu 22.04 - Chrome,Intranet
d6a7a722-7ed7-4a4b-8209-b1b75b763dc5,10.582278481012658,2.2848867723543136,3.4347826086956523,15250.67088607595,Biometric,"New Antonio, United States Virgin Islands",macOS 13 - Chrome,Database
d73aada5-3c87-4bd7-88d8-d61c7fca43bb,14.686274509803921,2.5793559413956664,3.923076923076923,10604.833333333334,Biometric,"Tranmouth, Tanzania",macOS 13 - Firefox,Jira
d789b8e5-c75c-45cb-bb67-90d7b6393c60,10.305084745762711,2.8421351692487358,2.8095238095238093,13718.864406779661,Hardware Token,"Kathrynshire, Cameroon",Windows 10 - Firefox,CRM
d8478ef5-df0f-4110-97eb-d29e5fe00b1d,14.753424657534246,2.3439094948267774,3.65,14523.09589041096,SSO,"Cherylstad, Azerbaijan",Load Balancer,Confluence
d84ae086-3627-4fc1-b2ae-062e5596fc78,11.048387096774194,2.85397289586334,2.8181818181818183,13163.741935483871,Hardware Token,"Amberhaven, Saint Helena",Ubuntu 22.04 - Safari,Database
d886701e-233b-4a3c-944c-723d36c02938,10.590909090909092,2.9611706246907605,2.869565217391304,14368.454545454546,SSO,"Ashleyville, Anguilla",Ubuntu 22.04 - Edge,CRM
d8e116ff-eee0-4717-978e-d5e1f4fd2f16,14.355263157894736,2.8458341360354367,3.1666666666666665,13927.53947368421,Hardware Token,"Sarahbury, Cook Islands",Windows 11 - Firefox,AWS Console
d9458b7c-5d7b-44a4-b0e2-367a97e82aa7,11.2987012987013,3.017775998213424,3.08,14029.896103896104,Biometric,"Bakerfort, Japan",Ubuntu 22.04 - Firefox,Email
daa5ccfa-24b3-4452-b046-f08e3037a895,9.897435897435898,2.6461917924313427,3.12,13801.666666666666,MFA,"New Steven, Papua New Guinea",macOS 13 - Safari,Intranet
dc3d2cf8-a8bd-485e-8a36-63ffa299af3c,11.179487179487179,2.5520228276448695,3.0,14383.75641025641,SSO,"Jacobport, Saint Pierre and Miquelon",macOS 13 - Firefox,Intranet
dc5b2496-7b5d-435d-912e-991f1e580d97,14.539473684210526,2.981904489745591,2.814814814814815,14588.421052631578,SSO,"New Jasonport, Malawi",Windows 11 - Safari,AWS Console
dcd69345-7a5a-43f1-8ff0-98fce29a0df0,14.879518072289157,2.539433345479425,3.1923076923076925,14626.590361445784,Password,"Woodbury, Sri Lanka",Windows 10 - Safari,Intranet
dce84429-da6c-483c-ab77-10a68837deff,10.970588235294118,2.854535998760172,2.9565217391304346,14277.470588235294,SSO,"North Todd, Austria",Load Balancer,HRIS
ddbc0949-276f-489e-8d8d-9b6614c2cfae,15.52,2.6270937595795134,2.586206896551724,13511.64,Hardware Token,"Lake Theresastad, Netherlands",macOS 13 - Safari,GitLab
ddbdb6e8-9352-41bc-b2e6-48932c25195f,15.015151515151516,2.841951790001016,3.0,13473.30303030303,SSO,"North Todd, Cameroon",Windows 10 - Chrome,CRM
dfacd683-5825-4b4d-b0af-493830b5f680,12.357142857142858,2.147028376352134,2.8,13274.07142857143,Hardware Token,"New Jennifer, Korea",macOS 13 - Edge,Intranet
e02f50fd-5155-4b2a-849e-d343834e180b,15.036585365853659,2.5163422501287855,3.1538461538461537,14434.646341463415,SSO,"Eatonstad, Sierra Leone",Windows 10 - Firefox,AWS Console
e08189b7-6642-4010-a49f-0ee100cb6c3a,11.088888888888889,2.424799050839844,3.4615384615384617,14612.922222222222,SSO,"South Stephanieside, France",Ubuntu 22.04 - Safari,HRIS
e085cef0-4c7e-4867-b8fb-5764a2ba5b7b,11.859375,2.788110741691676,2.782608695652174,16462.34375,SSO,"East Haroldfort, Luxembourg",Ubuntu 22.04 - Chrome,Intranet
e0b8e38e-6481-48e1-b3ea-da2d60dcce16,12.64864864864865,2.247875297767476,2.96,13777.54054054054,Password,"Garciaside, Gambia",App Server,Email
e10c8d43-b563-4107-977d-056d9c488116,11.507936507936508,2.1012516690175165,2.739130434782609,13096.460317460318,Password,"Nelsonport, United Arab Emirates",Windows 10 - Edge,Database
e10cf797-ba24-4fb1-a465-3ef1a2e01027,11.784090909090908,2.0591755053310736,3.8260869565217392,12942.443181818182,MFA,"New Edgarburgh, Senegal",App Server,CRM
e11ff372-ecaf-4ab2-99d9-15313c5024a7,14.83177570093458,2.212682062900013,4.115384615384615,11382.03738317757,Biometric,"Elizabethtown, Western Sahara",Ubuntu 22.04 - Safari,VPN
e23b99f4-8d58-4a2a-a18c-068906465063,15.473684210526315,2.6056618514708556,2.85,12575.263157894737,Biometric,"North Nicole, Zimbabwe",macOS 13 - Safari,AWS Console
e2add124-394c-4cf8-9d52-2e6fdc7ad272,12.633333333333333,2.8101912997593126,3.0,15862.05,Password,"Jenniferfort, Armenia",Windows 11 - Edge,CRM
e2aebb0f-498f-479c-af1c-a11599a3118d,14.386666666666667,2.330139384146268,2.8846153846153846,13002.746666666666,Hardware Token,"Holmesland, Georgia",Windows 10 - Safari,Jira
e4cfdc3c-e119-4b08-9dc2-97619eac4ec5,12.872093023255815,2.5335235246723875,3.185185185185185,14866.151162790698,Hardware Token,"South Tiffany, Western Sahara",Windows 10 - Chrome,Confluence
e4d5a2e6-4c5e-4e9c-b50e-4645fe8afb0e,11.828947368421053,2.844354210922574,3.04,15840.71052631579,SSO,"Ashleeburgh, Anguilla",macOS 13 - Edge,Confluence
e4f39ed5-2d66-458a-89f8-fd3e1225bd26,15.720588235294118,2.768940679147107,2.6153846153846154,13865.823529411764,MFA,"Grimesberg, Equatorial Guinea",macOS 13 - Edge,Database
e5087288-c620-483d-9dbf-8212393afa32,14.43661971830986,2.34662307135897,2.84,13246.0,Hardware Token,"New Ashley, Uzbekistan",macOS 13 - Edge,AWS Console
e72064a9-5201-481c-b026-a51dd1cc1ed4,13.46774193548387,2.3379810677793254,2.8181818181818183,14308.516129032258,MFA,"Smithville, Myanmar",Windows 11 - Firefox,AWS Console
e73a2c46-f9a3-46d1-982f-8ecf8e5502d7,15.193877551020408,2.734499570740036,3.92,13640.408163265307,SSO,"Samuelstad, Reunion",Ubuntu 22.04 - Edge,Intranet
e7bb7f97-6685-4ed9-95ae-441c3f628ce7,14.513513513513514,2.4170810157711276,3.0833333333333335,14083.864864864865,Hardware Token,"West Geraldview, Vanuatu",Windows 10 - Chrome,HRIS
e7cf6693-c88e-4e07-b08c-79c9b83de91d,11.781818181818181,2.967046848866226,2.75,13921.4,Biometric,"East Shelby, Martinique",Database Server,GitLab
e8e8ca71-bfdf-4a89-9eb6-54bfc2ad11d9,12.028169014084508,2.3843048162389904,2.9583333333333335,15316.901408450703,MFA,"Williamstad, Solomon Islands",Network Router,Jira
e9871422-5372-4a52-8c29-c8ccde27e594,13.898305084745763,2.468385730029867,2.95,13215.338983050848,MFA,"Arnoldfurt, Bouvet Island (Bouvetoya)",macOS 13 - Chrome,Intranet
ea127442-a88b-4d2e-bcae-8b5bef28631d,15.116666666666667,2.511611452911353,2.727272727272727,15250.766666666666,MFA,"West Mark, Panama",macOS 13 - Safari,CRM
ea655c9e-25a8-481e-b399-c28d234cb9d9,15.276315789473685,2.5171342658429454,2.7142857142857144,13125.868421052632,Password,"North Rebecca, Burkina Faso",macOS 13 - Firefox,CRM
ebb49a5b-2dc2-4782-b787-a2d67172bef5,13.258064516129032,2.8626222294526262,2.8181818181818183,15161.870967741936,Hardware Token,"North Stacie, Burkina Faso",Ubuntu 22.04 - Safari,CRM
ec46c80b-5d5b-421a-ba7a-2dc18b260e6e,14.813953488372093,3.019589484786757,3.3076923076923075,13979.581395348838,Hardware Token,"Johnport, Cambodia",Windows 10 - Chrome,CRM
eca29210-47e8-43e5-8e0b-69fc99134d8e,14.474576271186441,2.693260632504706,2.269230769230769,15076.77966101695,MFA,"North Julieland, Czech Republic",macOS 13 - Chrome,VPN
eccd6861-c31a-4a95-9102-6236607a5e53,10.265625,2.9127099011494377,2.909090909090909,14797.0,Biometric,"Claudiahaven, Malawi",Windows 11 - Edge,Confluence
ed95ae0a-3a2f-40cf-b406-a0611850913b,12.432835820895523,2.3174167998338087,2.68,12494.58208955224,Password,"Berryshire, Ethiopia",Windows 11 - Safari,Intranet
ed97bae2-7436-4482-ae11-ad25e70441da,11.24,2.6804598234006165,3.0,15825.64,SSO,"Port Cassidy, Honduras",Ubuntu 22.04 - Chrome,Jira
ee045ad6-bc8e-4daa-94a0-408ab1ab9950,13.4,3.003952198947134,3.0,16189.25,Hardware Token,"Aimeetown, Gibraltar",Windows 11 - Safari,CRM
ee567f92-2ee5-4568-bead-b69b1588a93f,10.568627450980392,2.9206499410972504,2.55,13839.196078431372,MFA,"Jessicastad, Dominican Republic",Windows 10 - Firefox,Confluence
f09999f3-175d-42a6-b04c-a33ab7a3ad4b,10.037037037037036,2.8481239304374864,2.347826086956522,13731.87037037037,MFA,"New Marvinburgh, Norway",Ubuntu 22.04 - Edge,VPN
f14282f5-a06e-4898-9be4-496f03c61602,10.522388059701493,2.1059670560261368,2.9130434782608696,15663.373134328358,SSO,"New Sarahaven, Timor-Leste",macOS 13 - Chrome,AWS Console
f164b82f-7549-48ba-84cc-40449d62434a,15.717948717948717,2.8553774099372844,3.391304347826087,13831.320512820514,Password,"Morrisonfort, Turkmenistan",Windows 11 - Firefox,Database
f1e766cd-2107-4d59-82b5-02cce01cc20b,10.277777777777779,3.1287870135406517,2.7,14668.888888888889,SSO,"Lake Eddieville, French Southern Territories",Windows 11 - Safari,GitLab
f2a349c6-eb7e-4e3d-9fc2-e8a6af0eee4c,9.266666666666667,2.3692790350795354,4.285714285714286,11007.41111111111,MFA,"Diazmouth, Germany",Windows 10 - Edge,VPN
f315f03d-3624-486f-9064-af6814a4a6c3,14.515625,2.4816289293238714,2.782608695652174,13877.09375,MFA,"Port Jessicahaven, Iceland",Database Server,Database
f37a3ba8-fea8-4e49-8879-0b3ab35b3f9a,11.2,2.8511074268294476,2.4,14831.5,Hardware Token,"Russellstad, Sierra Leone",Ubuntu 22.04 - Safari,VPN
f465eeec-8248-4ff4-b8ea-9b53880fb16b,11.382716049382717,2.9435008970381165,3.1153846153846154,14980.95061728395,Biometric,"Hendersonview, Malawi",Windows 10 - Firefox,AWS Console
f4b14f77-25a0-47e8-9d17-bb8e4014f578,11.093333333333334,2.7907827698458485,3.260869565217391,16079.013333333334,MFA,"Port Andreaport, Palau",Windows 11 - Safari,Email
f56a46eb-403f-49aa-8aba-c4ced7ad1a5a,13.39655172413793,2.47045457264919,2.9,14308.689655172413,Password,"Corymouth, Cocos (Keeling) Islands",macOS 13 - Edge,GitLab
f589ae4c-d185-4d59-9f5c-46458b9cda4a,13.142857142857142,2.260471377580632,2.9166666666666665,13817.385714285714,Hardware Token,"South Saraview, Bolivia",Windows 11 - Edge,Jira
f59e0927-59e5-4633-9241-fea4c2515c87,13.704225352112676,2.199963416560655,3.0869565217391304,15294.084507042253,SSO,"Lake Eugeneport, Saint Kitts and Nevis",Windows 11 - Edge,HRIS
f6da7bd2-3393-4b65-94d4-2e74e6a45f7f,14.048543689320388,2.5141896943450712,3.9615384615384617,11052.990291262136,SSO,"New Annetteborough, Guadeloupe",macOS 13 - Edge,Jira
f7702878-2509-4e42-9024-69a41dc21997,13.157894736842104,2.643495824743931,3.3043478260869565,15040.5,Biometric,"West Blakeland, France",Windows 10 - Safari,Database
f87fbe58-7822-44ae-a158-0f88df21ecb0,13.652173913043478,2.710687382741972,3.1363636363636362,15936.942028985508,SSO,"South James, Aruba",macOS 13 - Edge,AWS Console
f8dd565d-4bc1-479c-8e14-c31c229cc92d,13.555555555555555,2.5385910352879697,2.8636363636363638,16090.238095238095,Hardware Token,"Denisehaven, Bangladesh",Ubuntu 22.04 - Edge,Confluence
f8f7c228-cc6a-4b4b-b7b8-c1cdee1c14ae,12.969696969696969,2.711625666074459,2.64,15963.69696969697,Password,"West Kennethville, New Caledonia",Windows 10 - Chrome,Email
f95ceea1-3d59-4622-a4fc-59fe77ce819e,14.424657534246576,2.3799965465613258,2.92,14133.068493150686,SSO,"South Teresaside, French Polynesia",Ubuntu 22.04 - Safari,Confluence
f9828519-21d0-4ab9-b729-fcd3ce63839d,12.53968253968254,2.5069284433693135,2.8636363636363638,14409.936507936507,SSO,"North Leahfort, Algeria",Windows 11 - Safari,CRM
f98a1c8f-ad4a-47e1-8cf3-0a95bd77e982,12.814285714285715,2.561096103334976,3.1818181818181817,13287.228571428572,MFA,"Lake Jameshaven, Sierra Leone",Windows 10 - Chrome,CRM
f9ba71ea-73c6-4cd0-b0be-088c4fb72b1e,13.217391304347826,2.594505309401295,2.875,13253.72463768116,SSO,"Philipmouth, Jordan",Load Balancer,CRM
fa4107ad-014f-4b6d-b0c6-7ecaab4dcd32,10.873239436619718,3.1392882608496224,3.0869565217391304,13885.577464788732,SSO,"South Chelsea, United States Virgin Islands",Windows 10 - Chrome,GitLab
fc15db0a-7558-4564-87b6-5e61a977ed31,13.388235294117647,2.390925889826838,3.269230769230769,13774.635294117646,SSO,"Hansonhaven, Mauritania",Windows 11 - Firefox,Jira
fc9e6986-edda-414e-a4a2-9d4b57f95ae5,10.609756097560975,2.1816071636113556,2.8275862068965516,14092.268292682927,Password,"Alejandroberg, New Zealand",macOS 13 - Edge,HRIS
fcc1c8c7-3f52-4473-bb1a-65c2bcbecd6a,13.12987012987013,2.627539620366558,3.08,15174.51948051948,Biometric,"East Robert, Angola",Windows 10 - Edge,Intranet
fd15e74d-867c-4c96-8be5-bd42c9992a55,10.117647058823529,2.6061317578443637,2.72,13468.132352941177,SSO,"South Kenneth, Christmas Island",Load Balancer,CRM
fd38964f-7317-4c50-9945-e27f41324f65,10.85,2.882070282613533,3.2,12687.5,MFA,"Oliverberg, South Georgia and the South Sandwich Islands",Ubuntu 22.04 - Edge,HRIS
fe3c014c-fd48-4343-883a-7cffdd4a6071,11.75,2.746994177550119,3.142857142857143,15589.852272727272,Password,"Lake Heathertown, Madagascar",Database Server,Email
fe63b40b-303b-44bc-a702-2240bf96abfc,12.098591549295774,2.6465877199435757,2.84,15244.18309859155,Biometric,"Katherineborough, Cook Islands",macOS 13 - Safari,Confluence
fe6ee93e-3517-449f-8e2f-f72ee38b294f,15.384615384615385,2.993181353574256,2.7083333333333335,13965.184615384615,Biometric,"Erikaland, Isle of Man",Windows 11 - Edge,Database
fe801c4c-85fa-4f09-8d98-43f4658db8ae,13.847222222222221,2.8317103885407557,3.130434782608696,13974.472222222223,SSO,"South Gabriellafurt, Argentina",Ubuntu 22.04 - Chrome,HRIS
ff03c22a-aef2-424d-9506-e01f55b0348c,12.949367088607595,2.731106351275958,3.2916666666666665,13223.26582278481,MFA,"Matthewville, Mauritius",macOS 13 - Edge,Jira
ff07f854-adcb-4b9c-931a-02f790c5f214,15.106060606060606,2.666768646068686,2.75,14130.681818181818,Password,"Stewartside, Mauritania",Ubuntu 22.04 - Edge,Jira
ff416866-9d52-42a7-85c1-940e77985bec,9.258620689655173,2.148523318488944,2.5217391304347827,14005.724137931034,Biometric,"West Elizabethburgh, Bulgaria",Windows 10 - Firefox,Jira
ffffacff-aa3e-4242-820b-4698983d8efa,11.320512820512821,2.4784452067154197,3.25,15233.51282051282,MFA,"North Travismouth, Azerbaijan",Windows 11 - Safari,Confluence
